;             
CREATE USER IF NOT EXISTS "" SALT '' HASH '' ADMIN;           
CREATE SEQUENCE "PUBLIC"."EQUIP_FUNC_ID_SEQ" START WITH 12;   
CREATE SEQUENCE "PUBLIC"."TITLE_ID_SEQ" START WITH 1;         
CREATE SEQUENCE "PUBLIC"."VOLTAGE_ID_SEQ" START WITH 16;      
CREATE SEQUENCE "PUBLIC"."HIST_ID_GEN" START WITH 26;         
CREATE SEQUENCE "PUBLIC"."LINE_ID_SEQ" START WITH 8;          
CREATE SEQUENCE "PUBLIC"."EQUIPMENT_ID_SEQ" START WITH 9;     
CREATE SEQUENCE "PUBLIC"."EVENT_H_ID_SEQ" START WITH 6;       
CREATE SEQUENCE "PUBLIC"."FUNCTION_ID_SEQ" START WITH 7;      
CREATE SEQUENCE "PUBLIC"."STATUS_HISTORY_TS_ID_SEQ" START WITH 11;            
CREATE SEQUENCE "PUBLIC"."TEMPLATE_ID_SEQ" START WITH 6;      
CREATE SEQUENCE "PUBLIC"."TASK_ID_SEQ" START WITH 10;         
CREATE SEQUENCE "PUBLIC"."EVENT_CITEM_ID_SEQ" START WITH 22;  
CREATE SEQUENCE "PUBLIC"."STATISTIC_ID_SEQ" START WITH 3;     
CREATE SEQUENCE "PUBLIC"."EVENT_FUNCTION_QUAL_ID_SEQ" START WITH 22;          
CREATE SEQUENCE "PUBLIC"."EVENT_FUNCTION_QUAL_H_ID_SEQ" START WITH 22;        
CREATE SEQUENCE "PUBLIC"."ATTRIBUTE_ID_SEQ" START WITH 15;    
CREATE SEQUENCE "PUBLIC"."MAIN_PAGE_ID_SEQ" START WITH 21;    
CREATE SEQUENCE "PUBLIC"."EVENT_CLOSURE_ID_SEQ" START WITH 9; 
CREATE SEQUENCE "PUBLIC"."EVENT_ID_SEQ" START WITH 6;         
CREATE SEQUENCE "PUBLIC"."HISTORY_ITEM_ID_SEQ" START WITH 62; 
CREATE SEQUENCE "PUBLIC"."EQUIPMENT_TYPE_ID_SEQ" START WITH 5;
CREATE SEQUENCE "PUBLIC"."SYSTEMPARAM_ID_SEQ" START WITH 1;   
CREATE SEQUENCE "PUBLIC"."EVENT_CITEM_H_ID_SEQ" START WITH 22;
CREATE SEQUENCE "PUBLIC"."ITEM_ID_SEQ" START WITH 34;         
CREATE SEQUENCE "PUBLIC"."STATUS_HISTORY_ID_SEQ" START WITH 11;               
CREATE SEQUENCE "PUBLIC"."REPORT_ID_SEQ" START WITH 1;        
CREATE SEQUENCE "PUBLIC"."SUBSTATION_ID_SEQ" START WITH 20;   
CREATE SEQUENCE "PUBLIC"."ATT_LIST_ELEMENT_ID_SEQ" START WITH 19;             
CREATE SEQUENCE "PUBLIC"."TRANSFORMER_ID_SEQ" START WITH 8;   
CREATE SEQUENCE "PUBLIC"."EVENT_CLOSURE_H_ID_SEQ" START WITH 9;               
CREATE SEQUENCE "PUBLIC"."HIBERNATE_SEQUENCE" START WITH 1;   
CREATE SEQUENCE "PUBLIC"."FILES_ID_SEQ" START WITH 1;         
CREATE SEQUENCE "PUBLIC"."CHAPTER_ID_SEQ" START WITH 6;       
CREATE MEMORY TABLE "PUBLIC"."CHAPTER_DESC"(
    "ID" BIGINT NOT NULL,
    "ACTIVE" BOOLEAN NOT NULL,
    "CHAPTER_TYPE" VARCHAR(24),
    "INDX_COLUMN" INTEGER NOT NULL,
    "NAME" VARCHAR(256),
    "OFFSET_" INTEGER,
    "ORDER_STRING" VARCHAR(128),
    "STATISTIC_ID" BIGINT,
    "TEMP_CHAP_ID" BIGINT,
    "PARENT_ID" BIGINT
);         
ALTER TABLE "PUBLIC"."CHAPTER_DESC" ADD CONSTRAINT "PUBLIC"."CONSTRAINT_2" PRIMARY KEY("ID"); 
-- 5 +/- SELECT COUNT(*) FROM PUBLIC.CHAPTER_DESC;            
INSERT INTO "PUBLIC"."CHAPTER_DESC" VALUES
(1, FALSE, 'MAIN_CHAPTER', 0, 'Main Chapter', NULL, '1.', NULL, 4, NULL),
(2, FALSE, 'CHAPTER', 0, 'Chapter', NULL, '1.1.', NULL, NULL, 1),
(3, FALSE, 'SUB_CHAPTER', 0, 'Subchapter', NULL, '1.1.1.', NULL, NULL, 2),
(4, FALSE, 'SECTION', 0, 'Section I', NULL, '1.1.1.1.', 1, NULL, 3),
(5, FALSE, 'SECTION', 1, 'Section II', NULL, '1.1.1.1.', 2, NULL, 3);             
CREATE MEMORY TABLE "PUBLIC"."EQUIP_ATT_ELEMENTS"(
    "ID" BIGINT NOT NULL,
    "ACTIVE" BOOLEAN NOT NULL,
    "NAME" VARCHAR(255) NOT NULL,
    "ATTRIBUTE_ID" BIGINT
);               
ALTER TABLE "PUBLIC"."EQUIP_ATT_ELEMENTS" ADD CONSTRAINT "PUBLIC"."CONSTRAINT_4" PRIMARY KEY("ID");           
-- 9 +/- SELECT COUNT(*) FROM PUBLIC.EQUIP_ATT_ELEMENTS;      
INSERT INTO "PUBLIC"."EQUIP_ATT_ELEMENTS" VALUES
(1, TRUE, 'ListaElem 1', 2),
(2, TRUE, 'ListaElem 2', 2),
(3, TRUE, 'ListaElem 3', 2),
(4, TRUE, 'ListaElem2 1', 4),
(5, TRUE, 'ListaElem2 2', 4),
(6, TRUE, 'ListaElem2 3', 4),
(7, TRUE, 'ListaElem3 1', 6),
(8, TRUE, 'ListaElem3 2', 6),
(9, TRUE, 'ListaElem3 3', 6);          
CREATE MEMORY TABLE "PUBLIC"."EQUIP_ATTRIB_CONN"(
    "ID" BIGINT NOT NULL,
    "ACTIVE" BOOLEAN NOT NULL,
    "VALUE_NUM" DECIMAL(19, 2),
    "VALUE_TEXT" VARCHAR(255),
    "ATTRIBUTE_ID" BIGINT,
    "EQUIPMENT_ID" BIGINT,
    "LISTELEMENT_ID" BIGINT
);        
ALTER TABLE "PUBLIC"."EQUIP_ATTRIB_CONN" ADD CONSTRAINT "PUBLIC"."CONSTRAINT_2D" PRIMARY KEY("ID");           
-- 5 +/- SELECT COUNT(*) FROM PUBLIC.EQUIP_ATTRIB_CONN;       
INSERT INTO "PUBLIC"."EQUIP_ATTRIB_CONN" VALUES
(1, TRUE, NULL, NULL, 2, 1, 1),
(2, TRUE, NULL, NULL, 4, 1, 4),
(3, TRUE, 100, NULL, 3, 1, NULL),
(4, TRUE, NULL, 'text', 1, 1, NULL),
(5, TRUE, 200, NULL, 5, 2, NULL); 
CREATE MEMORY TABLE "PUBLIC"."EQUIP_SERIAL_LOCK"(
    "SERIAL" VARCHAR(128) NOT NULL,
    "CREATION_TIME" TIMESTAMP
);     
ALTER TABLE "PUBLIC"."EQUIP_SERIAL_LOCK" ADD CONSTRAINT "PUBLIC"."CONSTRAINT_E" PRIMARY KEY("SERIAL");        
-- 0 +/- SELECT COUNT(*) FROM PUBLIC.EQUIP_SERIAL_LOCK;       
CREATE MEMORY TABLE "PUBLIC"."EQUIPMENT"(
    "ID" BIGINT NOT NULL,
    "ACTIVE" BOOLEAN NOT NULL,
    "CREATOR_ORG" VARCHAR(128),
    "END_DATE" TIMESTAMP,
    "EQUIP_SUB_TYPE" VARCHAR(255),
    "INTEGRATED" BOOLEAN NOT NULL,
    "MANUFACTURER" VARCHAR(128),
    "SERIAL_NUMBER" VARCHAR(128) NOT NULL,
    "START_DATE" TIMESTAMP NOT NULL,
    "VIRTUAL" BOOLEAN NOT NULL,
    "EQUIPMENTTYPE_ID" BIGINT
);              
ALTER TABLE "PUBLIC"."EQUIPMENT" ADD CONSTRAINT "PUBLIC"."CONSTRAINT_E6" PRIMARY KEY("ID");   
-- 8 +/- SELECT COUNT(*) FROM PUBLIC.EQUIPMENT;               
INSERT INTO "PUBLIC"."EQUIPMENT" VALUES
(1, TRUE, 'Emasz', NULL, NULL, FALSE, 'Protecta_A', 'FIKTIV-SERIAL-NO_1', TIMESTAMP '2021-12-01 00:00:00', TRUE, 4),
(2, TRUE, 'MAVIR', NULL, NULL, FALSE, 'Protecta_C', 'FIKTIV-SERIAL-NO_2', TIMESTAMP '2021-12-02 00:00:00', TRUE, 2),
(3, TRUE, 'Emasz', NULL, NULL, FALSE, 'Protecta_B', 'FIKTIV-SERIAL-NO_3', TIMESTAMP '2021-12-03 00:00:00', TRUE, 1),
(4, TRUE, 'MAVIR', NULL, NULL, FALSE, 'Protecta_C', 'FIKTIV-SERIAL-NO_4', TIMESTAMP '2021-12-04 00:00:00', TRUE, 4),
(5, TRUE, 'Emasz', NULL, NULL, FALSE, 'Protecta_B', 'FIKTIV-SERIAL-NO_5', TIMESTAMP '2021-12-05 00:00:00', TRUE, 2),
(6, TRUE, 'MAVIR', NULL, NULL, FALSE, 'Protecta_D', 'FIKTIV-SERIAL-NO_6', TIMESTAMP '2021-12-06 00:00:00', TRUE, 1),
(7, TRUE, 'Emasz', NULL, NULL, FALSE, 'Protecta_D', 'FIKTIV-SERIAL-NO_9', TIMESTAMP '2021-12-09 00:00:00', TRUE, 4),
(8, FALSE, 'Emasz', NULL, NULL, FALSE, 'Protecta_A', 'FIKTIV-SERIAL-INACTIVE', TIMESTAMP '2021-12-09 00:00:00', TRUE, 4);  
CREATE MEMORY TABLE "PUBLIC"."EQUIPMENT_ATTRIBUTE"(
    "ID" BIGINT NOT NULL,
    "ACTIVE" BOOLEAN NOT NULL,
    "ATTRIBUTE_TYPE" VARCHAR(24) NOT NULL,
    "CONFIRMED" BOOLEAN NOT NULL,
    "CREATION_DATE" TIMESTAMP NOT NULL,
    "CREATOR_NAME" VARCHAR(255) NOT NULL,
    "CREATOR_ORG" VARCHAR(255) NOT NULL,
    "NAME" VARCHAR(255) NOT NULL
);             
ALTER TABLE "PUBLIC"."EQUIPMENT_ATTRIBUTE" ADD CONSTRAINT "PUBLIC"."CONSTRAINT_8" PRIMARY KEY("ID");          
-- 7 +/- SELECT COUNT(*) FROM PUBLIC.EQUIPMENT_ATTRIBUTE;     
INSERT INTO "PUBLIC"."EQUIPMENT_ATTRIBUTE" VALUES
(1, TRUE, 'TEXT', TRUE, TIMESTAMP '2021-12-31 00:00:00', 'admin', 'MAVIR', STRINGDECODE('Szoftververzi\u00f3')),
(2, TRUE, 'LIST', TRUE, TIMESTAMP '2021-12-31 00:00:00', 'masik', 'MAVIR', 'Lista'),
(3, TRUE, 'NUMERIC', TRUE, TIMESTAMP '2021-12-31 00:00:00', 'masik', 'MAVIR', STRINGDECODE('Sz\u00e1m')),
(4, TRUE, 'LIST', TRUE, TIMESTAMP '2021-12-31 00:00:00', 'masik', 'MAVIR', 'Lista 2'),
(5, TRUE, 'NUMERIC', TRUE, TIMESTAMP '2021-12-31 00:00:00', 'masik', 'MAVIR', STRINGDECODE('Sz\u00e1m 2')),
(6, TRUE, 'LIST', TRUE, TIMESTAMP '2021-12-31 00:00:00', 'masik', 'MAVIR', 'Lista 3'),
(7, TRUE, 'NUMERIC', TRUE, TIMESTAMP '2021-12-31 00:00:00', 'masik', 'MAVIR', STRINGDECODE('Sz\u00e1m 3'));
CREATE MEMORY TABLE "PUBLIC"."EQUIPMENT_FUNCTION"(
    "ID" BIGINT NOT NULL,
    "ACTIVE" BOOLEAN NOT NULL,
    "CHANGEDATE" TIMESTAMP,
    "FUNC_ACT" BOOLEAN NOT NULL,
    "EQUIPMENT_ID" BIGINT,
    "FUNCTION_ID" BIGINT,
    "ITEM_ID" BIGINT,
    "TASK_ID" BIGINT
);          
ALTER TABLE "PUBLIC"."EQUIPMENT_FUNCTION" ADD CONSTRAINT "PUBLIC"."CONSTRAINT_7" PRIMARY KEY("ID");           
-- 11 +/- SELECT COUNT(*) FROM PUBLIC.EQUIPMENT_FUNCTION;     
INSERT INTO "PUBLIC"."EQUIPMENT_FUNCTION" VALUES
(1, TRUE, TIMESTAMP '2021-12-31 00:00:00', TRUE, 4, 1, 1, 1),
(2, TRUE, TIMESTAMP '2021-12-31 00:00:00', TRUE, 4, 2, 1, 2),
(3, TRUE, TIMESTAMP '2021-12-31 00:00:00', TRUE, 4, 3, 1, 3),
(4, TRUE, TIMESTAMP '2021-12-31 00:00:00', TRUE, 3, 1, 2, 1),
(5, TRUE, TIMESTAMP '2021-12-31 00:00:00', TRUE, 8, 1, 3, 1),
(6, TRUE, TIMESTAMP '2021-12-31 00:00:00', TRUE, 3, 5, 15, 1),
(7, TRUE, TIMESTAMP '2021-12-31 00:00:00', TRUE, 3, 5, 16, 1),
(8, TRUE, TIMESTAMP '2021-12-31 00:00:00', TRUE, 3, 5, 17, 1),
(9, TRUE, TIMESTAMP '2021-12-31 00:00:00', TRUE, 4, 6, 6, 1),
(10, TRUE, TIMESTAMP '2021-12-31 00:00:00', TRUE, 4, 6, 7, 1),
(11, TRUE, TIMESTAMP '2021-12-31 00:00:00', TRUE, 4, 6, 8, 1);    
CREATE MEMORY TABLE "PUBLIC"."EQUIPMENT_TYPE"(
    "ID" BIGINT NOT NULL,
    "ACTIVE" BOOLEAN NOT NULL,
    "CONFIRMED" BOOLEAN NOT NULL,
    "CREATION_DATE" TIMESTAMP NOT NULL,
    "CREATOR_NAME" VARCHAR(128) NOT NULL,
    "CREATOR_ORG" VARCHAR(128) NOT NULL,
    "NAME" VARCHAR(128) NOT NULL
);              
ALTER TABLE "PUBLIC"."EQUIPMENT_TYPE" ADD CONSTRAINT "PUBLIC"."CONSTRAINT_F" PRIMARY KEY("ID");               
-- 4 +/- SELECT COUNT(*) FROM PUBLIC.EQUIPMENT_TYPE;          
INSERT INTO "PUBLIC"."EQUIPMENT_TYPE" VALUES
(1, FALSE, FALSE, TIMESTAMP '2021-12-31 00:00:00', 'creator_1', 'MAVIR', 'NAME_D'),
(2, FALSE, TRUE, TIMESTAMP '2021-12-30 00:00:00', 'creator_1', 'MAVIR', 'NAME_C'),
(3, TRUE, FALSE, TIMESTAMP '2021-12-29 00:00:00', 'creator_1', 'MAVIR', 'NAME_B'),
(4, TRUE, TRUE, TIMESTAMP '2021-12-28 00:00:00', 'creator_1', 'MAVIR', 'NAME_A');  
CREATE MEMORY TABLE "PUBLIC"."EVENT"(
    "ID" BIGINT NOT NULL,
    "AUTOM_SYS_1" VARCHAR(24),
    "AUTOM_SYS_2" VARCHAR(24),
    "CAUSE" VARCHAR(24),
    "CLOSURE_STYLE" VARCHAR(24),
    "EVENT_DATE" TIMESTAMP NOT NULL,
    "DEFENSE_SYS_1" VARCHAR(24),
    "DEFENSE_SYS_2" VARCHAR(24),
    "DEFENSE_SYS_3" VARCHAR(24),
    "DELETE_TRY" INTEGER NOT NULL,
    "DELETER_USER" VARCHAR(255),
    "EVENT_STATE" VARCHAR(32) NOT NULL,
    "LAST_MODIFIER" VARCHAR(255) NOT NULL,
    "LAST_MOD_DATE" TIMESTAMP NOT NULL,
    "OWNER_ORGANIZATION" VARCHAR(128) NOT NULL,
    "PRIVATE_QUAL" VARCHAR(4000),
    "PUBLIC_QUAL" VARCHAR(4000),
    "ITEM_ID" BIGINT NOT NULL
);         
ALTER TABLE "PUBLIC"."EVENT" ADD CONSTRAINT "PUBLIC"."CONSTRAINT_3" PRIMARY KEY("ID");        
-- 5 +/- SELECT COUNT(*) FROM PUBLIC.EVENT;   
INSERT INTO "PUBLIC"."EVENT" VALUES
(1, 'UNSUCCESSFULL', 'SLOW_EVA', 'CAUSE_01', 'FUGITIVE', TIMESTAMP '2021-01-15 00:00:00', 'SELECTIVE', NULL, NULL, 0, NULL, 'OPENED', 'creator', TIMESTAMP '2021-01-15 00:00:00', 'MAVIR', 'NON OFFICIAL I', 'OFFICIAL I', 8),
(2, 'CORRECTLY_MISSED', 'FAST_EVA', 'CAUSE_01', 'DEFENDED', TIMESTAMP '2021-01-15 00:00:00', 'INTERRUPTIVE', NULL, NULL, 0, NULL, 'UNDER_INVESTIGATION', 'creator', TIMESTAMP '2021-01-15 00:00:00', 'MAVIR', 'NON OFFICIAL II', 'OFFICIAL II', 8),
(3, 'CORRECTLY_MISSED', 'SWITCH_OVER', 'CAUSE_06', 'UNDYING', TIMESTAMP '2021-12-15 00:00:00', 'INTERRUPTIVE', NULL, NULL, 0, NULL, 'OPENED', 'creator', TIMESTAMP '2021-12-15 00:00:00', 'MAVIR', 'NON OFFICIAL III', 'OFFICIAL III', 17),
(4, 'CORRECTLY_MISSED', 'SWITCH_OVER', 'CAUSE_01', 'UNDYING', TIMESTAMP '2021-12-15 00:00:00', 'INTERRUPTIVE', NULL, NULL, 0, NULL, 'OPENED', 'creator', TIMESTAMP '2021-12-15 00:00:00', 'MAVIR', 'NON OFFICIAL IV', 'OFFICIAL IV', 17),
(5, 'SUCCESSFULL', 'FAST_EVA', 'CAUSE_01', 'DEFENDED', TIMESTAMP '2021-01-16 00:00:00', 'PURE_SELECTIVE', 'REASONABLE', 'MISSED', 0, NULL, 'OPENED', 'Last modifier', TIMESTAMP '2021-10-12 10:33:08.87', 'MAVIR', 'Private Qualification', 'Public Qualification', 6);     
CREATE MEMORY TABLE "PUBLIC"."EVENT_CLOSURE"(
    "ID" BIGINT NOT NULL,
    "CABEL_CLOSURE" BOOLEAN,
    "CLOSURE_TYPE" VARCHAR(24),
    "CONTAINS_CLOSURE" BOOLEAN NOT NULL,
    "DEVICE" VARCHAR(24),
    "PHASE" VARCHAR(24),
    "EVENT_ID" BIGINT
);             
ALTER TABLE "PUBLIC"."EVENT_CLOSURE" ADD CONSTRAINT "PUBLIC"."CONSTRAINT_79" PRIMARY KEY("ID");               
-- 8 +/- SELECT COUNT(*) FROM PUBLIC.EVENT_CLOSURE;           
INSERT INTO "PUBLIC"."EVENT_CLOSURE" VALUES
(1, FALSE, 'CT_1FN', TRUE, 'COLLECTOR_RAIL', 'R0', 1),
(2, FALSE, 'CT_1FN', TRUE, 'COLLECTOR_RAIL', 'R0', 2),
(3, FALSE, 'CT_2F', TRUE, 'LINE', 'ST', 2),
(4, FALSE, 'CT_3FN', TRUE, 'TRANSFORMER', 'RST0', 3),
(5, FALSE, 'CT_2FN', TRUE, 'TRANSFORMER', 'ST0', 4),
(6, FALSE, 'CT_1FN', TRUE, 'COLLECTOR_RAIL', 'R0', 4),
(7, TRUE, 'CT_2FN', TRUE, 'LINE', 'ST', 5),
(8, TRUE, 'CT_2FN', TRUE, 'LINE', 'ST', 5);       
CREATE MEMORY TABLE "PUBLIC"."EVENT_CLOSURE_HISTORY"(
    "ID" BIGINT NOT NULL,
    "CABEL_CLOSURE" BOOLEAN,
    "CLOSURE_TYPE" VARCHAR(24),
    "CONTAINS_CLOSURE" BOOLEAN NOT NULL,
    "DEVICE" VARCHAR(24),
    "PHASE" VARCHAR(24),
    "EVENT_HISTORY_ID" BIGINT
);             
ALTER TABLE "PUBLIC"."EVENT_CLOSURE_HISTORY" ADD CONSTRAINT "PUBLIC"."CONSTRAINT_F5" PRIMARY KEY("ID");       
-- 8 +/- SELECT COUNT(*) FROM PUBLIC.EVENT_CLOSURE_HISTORY;   
INSERT INTO "PUBLIC"."EVENT_CLOSURE_HISTORY" VALUES
(1, FALSE, 'CT_1FN', TRUE, 'COLLECTOR_RAIL', 'R0', 1),
(2, FALSE, 'CT_1FN', TRUE, 'COLLECTOR_RAIL', 'R0', 2),
(3, FALSE, 'CT_2F', TRUE, 'LINE', 'ST', 2),
(4, FALSE, 'CT_3FN', TRUE, 'TRANSFORMER', 'RST0', 3),
(5, FALSE, 'CT_2FN', TRUE, 'TRANSFORMER', 'ST0', 4),
(6, FALSE, 'CT_1FN', TRUE, 'COLLECTOR_RAIL', 'R0', 4),
(7, TRUE, 'CT_2FN', TRUE, 'LINE', 'ST', 5),
(8, TRUE, 'CT_2FN', TRUE, 'LINE', 'ST', 5);               
CREATE MEMORY TABLE "PUBLIC"."EVENT_CLOSURE_ITEM"(
    "ID" BIGINT NOT NULL,
    "CLOSURE_COMMENT" VARCHAR(4000),
    "ENDPOINT_ATTRIBUTE_1" VARCHAR(24),
    "ENDPOINT_ATTRIBUTE_2" VARCHAR(24),
    "NUM_VALUE_1" VARCHAR(128),
    "NUM_VALUE_2" VARCHAR(128),
    "EVENT_CLOSURE_ID" BIGINT NOT NULL,
    "ITEM_ID" BIGINT NOT NULL
);           
ALTER TABLE "PUBLIC"."EVENT_CLOSURE_ITEM" ADD CONSTRAINT "PUBLIC"."CONSTRAINT_77" PRIMARY KEY("ID");          
-- 21 +/- SELECT COUNT(*) FROM PUBLIC.EVENT_CLOSURE_ITEM;     
INSERT INTO "PUBLIC"."EVENT_CLOSURE_ITEM" VALUES
(1, 'NOTE A I', 'VALUE_1', 'VALUE_1', '11', '12', 1, 6),
(2, 'NOTE B I', 'VALUE_2', 'VALUE_2', '13', '14', 1, 7),
(3, 'NOTE C I', 'VALUE_3', 'VALUE_3', '15', '16', 1, 8),
(4, 'NOTE A II', 'VALUE_1', 'VALUE_1', '21', '22', 2, 6),
(5, 'NOTE B II', 'VALUE_2', 'VALUE_2', '23', '24', 2, 7),
(6, 'NOTE C II', 'VALUE_3', 'VALUE_3', '25', '26', 2, 8),
(7, 'NOTE A III', 'VALUE_1', 'VALUE_1', '31', '32', 3, 6),
(8, 'NOTE B III', 'VALUE_1', 'VALUE_1', '33', '34', 3, 7),
(9, 'NOTE C III', 'VALUE_1', 'VALUE_1', '35', '36', 3, 8),
(10, 'NOTE A IV', 'VALUE_1', 'VALUE_1', '41', '42', 4, 15),
(11, 'NOTE B IV', 'VALUE_2', 'VALUE_2', '43', '44', 4, 16),
(12, 'NOTE C IV', 'VALUE_3', 'VALUE_3', '45', '46', 4, 17),
(13, 'NOTE A V', 'VALUE_1', 'VALUE_1', '51', '52', 5, 15),
(14, 'NOTE B V', 'VALUE_2', 'VALUE_2', '53', '54', 5, 16),
(15, 'NOTE C V', 'VALUE_3', 'VALUE_3', '55', '56', 5, 17),
(16, 'NOTE A VI', 'VALUE_1', 'VALUE_1', '61', '62', 6, 15),
(17, 'NOTE B VI', 'VALUE_1', 'VALUE_1', '63', '64', 6, 16),
(18, 'NOTE C VI', 'VALUE_1', 'VALUE_1', '65', '66', 6, 17),
(19, 'COMMENT 1', 'VALUE_1', 'VALUE_2', '1.0', '2.0', 7, 6),
(20, 'COMMENT 1', 'VALUE_1', 'VALUE_2', '1.0', '2.0', 7, 7),
(21, 'COMMENT 1', 'VALUE_1', 'VALUE_2', '1.0', '2.0', 8, 8);               
CREATE MEMORY TABLE "PUBLIC"."EVENT_CLOSURE_ITEM_HISTORY"(
    "ID" BIGINT NOT NULL,
    "CLOSURE_COMMENT" VARCHAR(4000),
    "ENDPOINT_ATTRIBUTE_1" VARCHAR(24),
    "ENDPOINT_ATTRIBUTE_2" VARCHAR(24),
    "NUM_VALUE_1" VARCHAR(128),
    "NUM_VALUE_2" VARCHAR(128),
    "EVENT_CLOSURE_HISTORY_ID" BIGINT NOT NULL,
    "ITEM_ID" BIGINT NOT NULL
);           
ALTER TABLE "PUBLIC"."EVENT_CLOSURE_ITEM_HISTORY" ADD CONSTRAINT "PUBLIC"."CONSTRAINT_3A" PRIMARY KEY("ID");  
-- 21 +/- SELECT COUNT(*) FROM PUBLIC.EVENT_CLOSURE_ITEM_HISTORY;             
INSERT INTO "PUBLIC"."EVENT_CLOSURE_ITEM_HISTORY" VALUES
(1, 'NOTE A I', 'VALUE_1', 'VALUE_1', '11', '12', 1, 6),
(2, 'NOTE B I', 'VALUE_2', 'VALUE_2', '13', '14', 1, 7),
(3, 'NOTE C I', 'VALUE_3', 'VALUE_3', '15', '16', 1, 8),
(4, 'NOTE A II', 'VALUE_1', 'VALUE_1', '21', '22', 2, 6),
(5, 'NOTE B II', 'VALUE_2', 'VALUE_2', '23', '24', 2, 7),
(6, 'NOTE C II', 'VALUE_3', 'VALUE_3', '25', '26', 2, 8),
(7, 'NOTE A III', 'VALUE_1', 'VALUE_1', '31', '32', 3, 6),
(8, 'NOTE B III', 'VALUE_1', 'VALUE_1', '33', '34', 3, 7),
(9, 'NOTE C III', 'VALUE_1', 'VALUE_1', '35', '36', 3, 8),
(10, 'NOTE A IV', 'VALUE_1', 'VALUE_1', '41', '42', 4, 15),
(11, 'NOTE B IV', 'VALUE_2', 'VALUE_2', '43', '44', 4, 16),
(12, 'NOTE C IV', 'VALUE_3', 'VALUE_3', '45', '46', 4, 17),
(13, 'NOTE A V', 'VALUE_1', 'VALUE_1', '51', '52', 5, 15),
(14, 'NOTE B V', 'VALUE_2', 'VALUE_2', '53', '54', 5, 16),
(15, 'NOTE C V', 'VALUE_3', 'VALUE_3', '55', '56', 5, 17),
(16, 'NOTE A VI', 'VALUE_1', 'VALUE_1', '61', '62', 6, 15),
(17, 'NOTE B VI', 'VALUE_1', 'VALUE_1', '63', '64', 6, 16),
(18, 'NOTE C VI', 'VALUE_1', 'VALUE_1', '65', '66', 6, 17),
(19, 'COMMENT 1', 'VALUE_1', 'VALUE_2', '1.0', '2.0', 7, 6),
(20, 'COMMENT 1', 'VALUE_1', 'VALUE_2', '1.0', '2.0', 7, 7),
(21, 'COMMENT 1', 'VALUE_1', 'VALUE_2', '1.0', '2.0', 8, 8);       
CREATE MEMORY TABLE "PUBLIC"."EVENT_CLOSURE_ITEMS"(
    "EVENT_CLOSURE_ID" BIGINT NOT NULL,
    "ITEM_ID" BIGINT NOT NULL
);               
-- 21 +/- SELECT COUNT(*) FROM PUBLIC.EVENT_CLOSURE_ITEMS;    
INSERT INTO "PUBLIC"."EVENT_CLOSURE_ITEMS" VALUES
(1, 6),
(1, 7),
(1, 8),
(2, 6),
(2, 7),
(2, 8),
(3, 6),
(3, 7),
(3, 8),
(4, 15),
(4, 16),
(4, 17),
(5, 15),
(5, 16),
(5, 17),
(6, 15),
(6, 16),
(6, 17),
(7, 6),
(7, 7),
(8, 8);       
CREATE MEMORY TABLE "PUBLIC"."EVENT_CLOSURE_ITEMS_HISTORY"(
    "EVENT_CLOSURE_HISTORY_ID" BIGINT NOT NULL,
    "ITEM_ID" BIGINT NOT NULL
);               
-- 21 +/- SELECT COUNT(*) FROM PUBLIC.EVENT_CLOSURE_ITEMS_HISTORY;            
INSERT INTO "PUBLIC"."EVENT_CLOSURE_ITEMS_HISTORY" VALUES
(1, 6),
(1, 7),
(1, 8),
(2, 6),
(2, 7),
(2, 8),
(3, 6),
(3, 7),
(3, 8),
(4, 15),
(4, 16),
(4, 17),
(5, 15),
(5, 16),
(5, 17),
(6, 15),
(6, 16),
(6, 17),
(7, 6),
(7, 7),
(8, 8);               
CREATE MEMORY TABLE "PUBLIC"."EVENT_FUNCTION_QUAL"(
    "ID" BIGINT NOT NULL,
    "EVENT_FUNC_ATTR_1" VARCHAR(24),
    "EVENT_FUNC_ATTR_2" VARCHAR(24),
    "FUNCTIONING_CAUSE" VARCHAR(24),
    "FUNCTIONING_QUAL" VARCHAR(24) NOT NULL,
    "FUNC_VALUE_1" VARCHAR(128),
    "FUNC_VALUE_2" VARCHAR(128),
    "EQUIPMENT_ID" BIGINT NOT NULL,
    "EVENT_CLOSURE_ITEM_ID" BIGINT NOT NULL,
    "FUNCTION_ID" BIGINT NOT NULL,
    "TASK_ID" BIGINT NOT NULL
);  
ALTER TABLE "PUBLIC"."EVENT_FUNCTION_QUAL" ADD CONSTRAINT "PUBLIC"."CONSTRAINT_73" PRIMARY KEY("ID");         
-- 21 +/- SELECT COUNT(*) FROM PUBLIC.EVENT_FUNCTION_QUAL;    
INSERT INTO "PUBLIC"."EVENT_FUNCTION_QUAL" VALUES
(1, 'VALUE_2', 'VALUE_3', 'DEVICE_FAILURE', 'CORRECT', '101', '102', 4, 1, 6, 1),
(2, 'VALUE_2', 'VALUE_3', 'DEVICE_FAILURE', 'CORRECT', '103', '104', 4, 2, 6, 1),
(3, 'VALUE_2', 'VALUE_3', 'DEVICE_FAILURE', 'CORRECT', '105', '106', 4, 3, 6, 1),
(4, 'VALUE_2', 'VALUE_3', 'DEVICE_FAILURE', 'CORRECT', '201', '202', 4, 4, 6, 1),
(5, 'VALUE_2', 'VALUE_3', 'DEVICE_FAILURE', 'CORRECT', '203', '204', 4, 5, 6, 1),
(6, 'VALUE_2', 'VALUE_3', 'DEVICE_FAILURE', 'CORRECT', '205', '206', 4, 6, 6, 1),
(7, 'VALUE_2', 'VALUE_3', 'DEVICE_FAILURE', 'CORRECT', '301', '302', 4, 7, 6, 1),
(8, 'VALUE_2', 'VALUE_3', 'DEVICE_FAILURE', 'CORRECT', '303', '304', 4, 8, 6, 1),
(9, 'VALUE_2', 'VALUE_3', 'DEVICE_FAILURE', 'CORRECT', '305', '306', 4, 9, 6, 1),
(10, 'VALUE_2', 'VALUE_3', 'DEVICE_FAILURE', 'CORRECT', '401', '402', 3, 10, 5, 1),
(11, 'VALUE_2', 'VALUE_3', 'DEVICE_FAILURE', 'CORRECT', '403', '404', 3, 11, 5, 1),
(12, 'VALUE_2', 'VALUE_3', 'DEVICE_FAILURE', 'CORRECT', '405', '406', 3, 12, 5, 1),
(13, 'VALUE_2', 'VALUE_3', 'DEVICE_FAILURE', 'CORRECT', '501', '502', 3, 13, 5, 1),
(14, 'VALUE_2', 'VALUE_3', 'DEVICE_FAILURE', 'CORRECT', '503', '504', 3, 14, 5, 1),
(15, 'VALUE_2', 'VALUE_3', 'DEVICE_FAILURE', 'CORRECT', '505', '506', 3, 15, 5, 1),
(16, 'VALUE_2', 'VALUE_3', 'DEVICE_FAILURE', 'CORRECT', '601', '602', 3, 16, 5, 1),
(17, 'VALUE_2', 'VALUE_3', 'DEVICE_FAILURE', 'CORRECT', '603', '604', 3, 17, 5, 1),
(18, 'VALUE_2', 'VALUE_3', 'DEVICE_FAILURE', 'CORRECT', '605', '606', 3, 18, 5, 1),
(19, 'VALUE_1', 'VALUE_2', 'ACTIVITY_FAILURE', 'CORRECT', '11.11', '22.22', 4, 19, 1, 1),
(20, 'VALUE_2', 'VALUE_3', 'DEVICE_FAILURE', 'FALIURE', '111.11', '222.22', 4, 19, 1, 1),
(21, 'VALUE_3', 'VALUE_4', 'INTERRUPT_FAILURE', 'MISSING', '1.11', '2.22', 4, 19, 1, 1);     
CREATE MEMORY TABLE "PUBLIC"."EVENT_FUNCTION_QUAL_HISTORY"(
    "ID" BIGINT NOT NULL,
    "EVENT_FUNC_ATTR_1" VARCHAR(24),
    "EVENT_FUNC_ATTR_2" VARCHAR(24),
    "FUNCTIONING_CAUSE" VARCHAR(24),
    "FUNCTIONING_QUAL" VARCHAR(24) NOT NULL,
    "FUNC_VALUE_1" VARCHAR(128),
    "FUNC_VALUE_2" VARCHAR(128),
    "EQUIPMENT_ID" BIGINT NOT NULL,
    "EVENT_CLOSURE_ITEM_HISTORY_ID" BIGINT NOT NULL,
    "FUNCTION_ID" BIGINT NOT NULL,
    "TASK_ID" BIGINT NOT NULL
);  
ALTER TABLE "PUBLIC"."EVENT_FUNCTION_QUAL_HISTORY" ADD CONSTRAINT "PUBLIC"."CONSTRAINT_E7" PRIMARY KEY("ID"); 
-- 21 +/- SELECT COUNT(*) FROM PUBLIC.EVENT_FUNCTION_QUAL_HISTORY;            
INSERT INTO "PUBLIC"."EVENT_FUNCTION_QUAL_HISTORY" VALUES
(1, 'VALUE_2', 'VALUE_3', 'DEVICE_FAILURE', 'CORRECT', '101', '102', 4, 1, 6, 1),
(2, 'VALUE_2', 'VALUE_3', 'DEVICE_FAILURE', 'CORRECT', '103', '104', 4, 2, 6, 1),
(3, 'VALUE_2', 'VALUE_3', 'DEVICE_FAILURE', 'CORRECT', '105', '106', 4, 3, 6, 1),
(4, 'VALUE_2', 'VALUE_3', 'DEVICE_FAILURE', 'CORRECT', '201', '202', 4, 4, 6, 1),
(5, 'VALUE_2', 'VALUE_3', 'DEVICE_FAILURE', 'CORRECT', '203', '204', 4, 5, 6, 1),
(6, 'VALUE_2', 'VALUE_3', 'DEVICE_FAILURE', 'CORRECT', '205', '206', 4, 6, 6, 1),
(7, 'VALUE_2', 'VALUE_3', 'DEVICE_FAILURE', 'CORRECT', '301', '302', 4, 7, 6, 1),
(8, 'VALUE_2', 'VALUE_3', 'DEVICE_FAILURE', 'CORRECT', '303', '304', 4, 8, 6, 1),
(9, 'VALUE_2', 'VALUE_3', 'DEVICE_FAILURE', 'CORRECT', '305', '306', 4, 9, 6, 1),
(10, 'VALUE_2', 'VALUE_3', 'DEVICE_FAILURE', 'CORRECT', '401', '402', 3, 10, 5, 1),
(11, 'VALUE_2', 'VALUE_3', 'DEVICE_FAILURE', 'CORRECT', '403', '404', 3, 11, 5, 1),
(12, 'VALUE_2', 'VALUE_3', 'DEVICE_FAILURE', 'CORRECT', '405', '406', 3, 12, 5, 1),
(13, 'VALUE_2', 'VALUE_3', 'DEVICE_FAILURE', 'CORRECT', '501', '502', 3, 13, 5, 1),
(14, 'VALUE_2', 'VALUE_3', 'DEVICE_FAILURE', 'CORRECT', '503', '504', 3, 14, 5, 1),
(15, 'VALUE_2', 'VALUE_3', 'DEVICE_FAILURE', 'CORRECT', '505', '506', 3, 15, 5, 1),
(16, 'VALUE_2', 'VALUE_3', 'DEVICE_FAILURE', 'CORRECT', '601', '602', 3, 16, 5, 1),
(17, 'VALUE_2', 'VALUE_3', 'DEVICE_FAILURE', 'CORRECT', '603', '604', 3, 17, 5, 1),
(18, 'VALUE_2', 'VALUE_3', 'DEVICE_FAILURE', 'CORRECT', '605', '606', 3, 18, 5, 1),
(19, 'VALUE_1', 'VALUE_2', 'ACTIVITY_FAILURE', 'CORRECT', '11.11', '22.22', 4, 19, 1, 1),
(20, 'VALUE_2', 'VALUE_3', 'DEVICE_FAILURE', 'FALIURE', '111.11', '222.22', 4, 19, 1, 1),
(21, 'VALUE_3', 'VALUE_4', 'INTERRUPT_FAILURE', 'MISSING', '1.11', '2.22', 4, 19, 1, 1);             
CREATE MEMORY TABLE "PUBLIC"."EVENT_HISTORY"(
    "ID" BIGINT NOT NULL,
    "AUTOM_SYS_1" VARCHAR(24),
    "AUTOM_SYS_2" VARCHAR(24),
    "CAUSE" VARCHAR(24),
    "CLOSURE_STYLE" VARCHAR(24),
    "EVENT_DATE" TIMESTAMP NOT NULL,
    "DEFENSE_SYS_1" VARCHAR(24),
    "DEFENSE_SYS_2" VARCHAR(24),
    "DEFENSE_SYS_3" VARCHAR(24),
    "DELETER_USER" VARCHAR(255),
    "EVENT_STATE" VARCHAR(32) NOT NULL,
    "MODIFIER_NAME" VARCHAR(128) NOT NULL,
    "MOD_DATE" TIMESTAMP NOT NULL,
    "OWNER_ORGANIZATION" VARCHAR(128) NOT NULL,
    "PRIVATE_QUAL" VARCHAR(4000),
    "PUBLIC_QUAL" VARCHAR(4000),
    "EVENT_ID" BIGINT NOT NULL,
    "ITEM_ID" BIGINT NOT NULL
);         
ALTER TABLE "PUBLIC"."EVENT_HISTORY" ADD CONSTRAINT "PUBLIC"."CONSTRAINT_41" PRIMARY KEY("ID");               
-- 5 +/- SELECT COUNT(*) FROM PUBLIC.EVENT_HISTORY;           
INSERT INTO "PUBLIC"."EVENT_HISTORY" VALUES
(1, 'UNSUCCESSFULL', 'SLOW_EVA', 'CAUSE_01', 'FUGITIVE', TIMESTAMP '2021-01-15 00:00:00', 'SELECTIVE', NULL, NULL, NULL, 'OPENED', 'creator', TIMESTAMP '2021-01-15 00:00:00', 'MAVIR', 'NON OFFICIAL I', 'OFFICIAL I', 1, 8),
(2, 'CORRECTLY_MISSED', 'FAST_EVA', 'CAUSE_01', 'DEFENDED', TIMESTAMP '2021-01-15 00:00:00', 'INTERRUPTIVE', NULL, NULL, NULL, 'UNDER_INVESTIGATION', 'creator', TIMESTAMP '2021-01-15 00:00:00', 'MAVIR', 'NON OFFICIAL II', 'OFFICIAL II', 2, 8),
(3, 'CORRECTLY_MISSED', 'SWITCH_OVER', 'CAUSE_06', 'UNDYING', TIMESTAMP '2021-12-15 00:00:00', 'INTERRUPTIVE', NULL, NULL, NULL, 'OPENED', 'creator', TIMESTAMP '2021-12-15 00:00:00', 'MAVIR', 'NON OFFICIAL III', 'OFFICIAL III', 3, 17),
(4, 'CORRECTLY_MISSED', 'SWITCH_OVER', 'CAUSE_01', 'UNDYING', TIMESTAMP '2021-12-15 00:00:00', 'INTERRUPTIVE', NULL, NULL, NULL, 'OPENED', 'creator', TIMESTAMP '2021-12-15 00:00:00', 'MAVIR', 'NON OFFICIAL IV', 'OFFICIAL IV', 4, 17),
(5, 'SUCCESSFULL', 'FAST_EVA', 'CAUSE_01', 'DEFENDED', TIMESTAMP '2021-01-16 00:00:00', 'PURE_SELECTIVE', 'REASONABLE', 'MISSED', NULL, 'OPENED', 'Last modifier', TIMESTAMP '2021-10-12 10:33:08.87', 'MAVIR', 'Private Qualification', 'Public Qualification', 5, 6);             
CREATE MEMORY TABLE "PUBLIC"."FILES"(
    "ID" BIGINT NOT NULL,
    "ACTIVE" BOOLEAN NOT NULL,
    "FILE_DATA" BLOB NOT NULL,
    "FILE_REF" VARCHAR(255) NOT NULL
);    
ALTER TABLE "PUBLIC"."FILES" ADD CONSTRAINT "PUBLIC"."CONSTRAINT_3F" PRIMARY KEY("ID");       
-- 0 +/- SELECT COUNT(*) FROM PUBLIC.FILES;   
CREATE MEMORY TABLE "PUBLIC"."FUNC_ATT_ELEMENTS"(
    "ID" BIGINT NOT NULL,
    "ACTIVE" BOOLEAN NOT NULL,
    "NAME" VARCHAR(255) NOT NULL,
    "ATTRIBUTE_ID" BIGINT
);
ALTER TABLE "PUBLIC"."FUNC_ATT_ELEMENTS" ADD CONSTRAINT "PUBLIC"."CONSTRAINT_1" PRIMARY KEY("ID");            
-- 9 +/- SELECT COUNT(*) FROM PUBLIC.FUNC_ATT_ELEMENTS;       
INSERT INTO "PUBLIC"."FUNC_ATT_ELEMENTS" VALUES
(10, TRUE, 'ListaElem 1', 9),
(11, TRUE, 'ListaElem 2', 9),
(12, TRUE, 'ListaElem 3', 9),
(13, TRUE, 'ListaElem2 1', 11),
(14, TRUE, 'ListaElem2 2', 11),
(15, TRUE, 'ListaElem2 3', 11),
(16, TRUE, 'ListaElem3 1', 13),
(17, TRUE, 'ListaElem3 2', 13),
(18, TRUE, 'ListaElem3 3', 13);            
CREATE MEMORY TABLE "PUBLIC"."FUNC_ATTRIB_CONN"(
    "ID" BIGINT NOT NULL,
    "ACTIVE" BOOLEAN NOT NULL,
    "VALUE_NUM" DECIMAL(19, 2),
    "VALUE_TEXT" VARCHAR(255),
    "ATTRIBUTE_ID" BIGINT,
    "LISTELEMENT_ID" BIGINT,
    "FUNCTION_ID" BIGINT
);          
ALTER TABLE "PUBLIC"."FUNC_ATTRIB_CONN" ADD CONSTRAINT "PUBLIC"."CONSTRAINT_A" PRIMARY KEY("ID");             
-- 5 +/- SELECT COUNT(*) FROM PUBLIC.FUNC_ATTRIB_CONN;        
INSERT INTO "PUBLIC"."FUNC_ATTRIB_CONN" VALUES
(6, TRUE, NULL, NULL, 9, 10, 3),
(7, TRUE, NULL, NULL, 11, 13, 3),
(8, TRUE, 100, NULL, 10, NULL, 3),
(9, TRUE, NULL, 'text value', 8, NULL, 3),
(10, TRUE, 200, NULL, 12, NULL, 4);      
CREATE MEMORY TABLE "PUBLIC"."FUNCTION_ATTRIBUTE"(
    "ID" BIGINT NOT NULL,
    "ACTIVE" BOOLEAN NOT NULL,
    "ATTRIBUTE_TYPE" VARCHAR(24) NOT NULL,
    "CONFIRMED" BOOLEAN NOT NULL,
    "CREATION_DATE" TIMESTAMP NOT NULL,
    "CREATOR_NAME" VARCHAR(255) NOT NULL,
    "CREATOR_ORG" VARCHAR(255) NOT NULL,
    "NAME" VARCHAR(255) NOT NULL
);              
ALTER TABLE "PUBLIC"."FUNCTION_ATTRIBUTE" ADD CONSTRAINT "PUBLIC"."CONSTRAINT_F2" PRIMARY KEY("ID");          
-- 7 +/- SELECT COUNT(*) FROM PUBLIC.FUNCTION_ATTRIBUTE;      
INSERT INTO "PUBLIC"."FUNCTION_ATTRIBUTE" VALUES
(8, TRUE, 'TEXT', TRUE, TIMESTAMP '2021-12-31 00:00:00', 'admin', 'MAVIR', STRINGDECODE('Sz\u00f6veg')),
(9, TRUE, 'LIST', TRUE, TIMESTAMP '2021-12-31 00:00:00', 'masik', 'MAVIR', STRINGDECODE('\u00e1ll\u00f3r\u00e9sz testz\u00e1rlatv\u00e9delem')),
(10, TRUE, 'NUMERIC', TRUE, TIMESTAMP '2021-12-31 00:00:00', 'masik', 'MAVIR', STRINGDECODE('Sz\u00e1m')),
(11, TRUE, 'LIST', TRUE, TIMESTAMP '2021-12-31 00:00:00', 'masik', 'MAVIR', 'Lista 2'),
(12, TRUE, 'NUMERIC', TRUE, TIMESTAMP '2021-12-31 00:00:00', 'masik', 'MAVIR', STRINGDECODE('Sz\u00e1m 2')),
(13, TRUE, 'LIST', TRUE, TIMESTAMP '2021-12-31 00:00:00', 'masik', 'MAVIR', 'Lista 3'),
(14, TRUE, 'NUMERIC', TRUE, TIMESTAMP '2021-12-31 00:00:00', 'masik', 'MAVIR', STRINGDECODE('Sz\u00e1m 3'));        
CREATE MEMORY TABLE "PUBLIC"."FUNCTION_DESC"(
    "ID" BIGINT NOT NULL,
    "ACTIVE" BOOLEAN NOT NULL,
    "NAME" VARCHAR(255) NOT NULL
);
ALTER TABLE "PUBLIC"."FUNCTION_DESC" ADD CONSTRAINT "PUBLIC"."CONSTRAINT_35" PRIMARY KEY("ID");               
-- 6 +/- SELECT COUNT(*) FROM PUBLIC.FUNCTION_DESC;           
INSERT INTO "PUBLIC"."FUNCTION_DESC" VALUES
(1, FALSE, 'INACTIVE FUNCTION A'),
(2, FALSE, 'INACTIVE FUNCTION B'),
(3, TRUE, 'ACTIVE FUNCTION A'),
(4, TRUE, 'ACTIVE FUNCTION B'),
(5, TRUE, 'ACTIVE FUNCTION C'),
(6, TRUE, 'ACTIVE FUNCTION D');       
CREATE MEMORY TABLE "PUBLIC"."HIST_EQUIP"(
    "ID" BIGINT NOT NULL,
    "MOD_DATE" TIMESTAMP NOT NULL,
    "ORGANIZATION" VARCHAR(1000) NOT NULL,
    "USERNAME" VARCHAR(1000) NOT NULL,
    "ACTIVE" BOOLEAN NOT NULL,
    "END_DATE" TIMESTAMP,
    "EQUIPMENT_ID" BIGINT NOT NULL,
    "EQ_SUB_TYPE" VARCHAR(255),
    "INTEGRATED" BOOLEAN NOT NULL,
    "MANUFACTURER" VARCHAR(128),
    "SERIAL_NUMBER" VARCHAR(128) NOT NULL,
    "START_DATE" TIMESTAMP NOT NULL,
    "VIRTUAL" BOOLEAN NOT NULL,
    "EQUIPMENTTYPE_ID" BIGINT
);    
ALTER TABLE "PUBLIC"."HIST_EQUIP" ADD CONSTRAINT "PUBLIC"."CONSTRAINT_AB" PRIMARY KEY("ID");  
-- 10 +/- SELECT COUNT(*) FROM PUBLIC.HIST_EQUIP;             
INSERT INTO "PUBLIC"."HIST_EQUIP" VALUES
(1, TIMESTAMP '2021-01-01 00:00:00', 'organization', 'mapped name', TRUE, NULL, 1, NULL, FALSE, 'Protecta_A', 'FIKTIV-SERIAL-NO_1', TIMESTAMP '2021-12-01 00:00:00', TRUE, 4),
(2, TIMESTAMP '2021-01-01 00:00:00', 'organization', 'mapped name', TRUE, NULL, 2, NULL, FALSE, 'Protecta_C', 'FIKTIV-SERIAL-NO_2', TIMESTAMP '2021-12-02 00:00:00', TRUE, 2),
(3, TIMESTAMP '2021-01-01 00:00:00', 'organization', 'mapped name', TRUE, NULL, 3, NULL, FALSE, 'Protecta_B', 'FIKTIV-SERIAL-NO_3', TIMESTAMP '2021-12-03 00:00:00', TRUE, 1),
(4, TIMESTAMP '2021-01-01 00:00:00', 'organization', 'mapped name', TRUE, NULL, 4, NULL, FALSE, 'Protecta_C', 'FIKTIV-SERIAL-NO_4', TIMESTAMP '2021-12-04 00:00:00', TRUE, 4),
(5, TIMESTAMP '2021-01-01 00:00:00', 'organization', 'mapped name', TRUE, NULL, 5, NULL, FALSE, 'Protecta_B', 'FIKTIV-SERIAL-NO_5', TIMESTAMP '2021-12-05 00:00:00', TRUE, 2),
(6, TIMESTAMP '2021-01-01 00:00:00', 'organization', 'mapped name', TRUE, NULL, 6, NULL, FALSE, 'Protecta_D', 'FIKTIV-SERIAL-NO_6', TIMESTAMP '2021-12-06 00:00:00', TRUE, 1),
(7, TIMESTAMP '2021-12-07 00:00:00', 'organization', 'mapped name', TRUE, NULL, 7, NULL, FALSE, 'Protecta_7', 'FIKTIV-SERIAL-NO_7', TIMESTAMP '2021-12-07 00:00:00', TRUE, 4),
(8, TIMESTAMP '2021-12-08 00:00:00', 'organization', 'mapped name', TRUE, NULL, 7, NULL, FALSE, 'Protecta_8', 'FIKTIV-SERIAL-NO_8', TIMESTAMP '2021-12-08 00:00:00', TRUE, 4),
(9, TIMESTAMP '2021-12-09 00:00:00', 'organization', 'mapped name', TRUE, NULL, 7, NULL, FALSE, 'Protecta_D', 'FIKTIV-SERIAL-NO_9', TIMESTAMP '2021-12-09 00:00:00', TRUE, 4),
(10, TIMESTAMP '2021-12-09 00:00:00', 'organization', 'mapped name', FALSE, NULL, 8, NULL, FALSE, 'Protecta_A', 'FIKTIV-SERIAL-INACTIVE', TIMESTAMP '2021-12-09 00:00:00', TRUE, 4);
CREATE MEMORY TABLE "PUBLIC"."HIST_EQUIP_ATT_CONN"(
    "ID" BIGINT NOT NULL,
    "MOD_DATE" TIMESTAMP NOT NULL,
    "ORGANIZATION" VARCHAR(1000) NOT NULL,
    "USERNAME" VARCHAR(1000) NOT NULL,
    "ACTIVE" BOOLEAN NOT NULL,
    "EQUIP_ATT_CONN_ID" BIGINT NOT NULL,
    "VALUE_NUM" DECIMAL(19, 2),
    "VALUE_TEXT" VARCHAR(255),
    "ATTRIBUTE_ID" BIGINT,
    "LISTELEMENT_ID" BIGINT,
    "EQUIPMENT_ID" BIGINT
);    
ALTER TABLE "PUBLIC"."HIST_EQUIP_ATT_CONN" ADD CONSTRAINT "PUBLIC"."CONSTRAINT_71" PRIMARY KEY("ID");         
-- 5 +/- SELECT COUNT(*) FROM PUBLIC.HIST_EQUIP_ATT_CONN;     
INSERT INTO "PUBLIC"."HIST_EQUIP_ATT_CONN" VALUES
(11, TIMESTAMP '2021-01-01 00:00:00', 'organization', 'mapped name', TRUE, 1, NULL, NULL, 2, 1, 1),
(12, TIMESTAMP '2021-01-01 00:00:00', 'organization', 'mapped name', TRUE, 2, NULL, NULL, 4, 4, 1),
(13, TIMESTAMP '2021-01-01 00:00:00', 'organization', 'mapped name', TRUE, 3, 100, NULL, 3, NULL, 1),
(14, TIMESTAMP '2021-01-01 00:00:00', 'organization', 'mapped name', TRUE, 4, NULL, 'text', 1, NULL, 1),
(15, TIMESTAMP '2021-01-01 00:00:00', 'organization', 'mapped name', TRUE, 5, 200, NULL, 5, NULL, 2);           
CREATE MEMORY TABLE "PUBLIC"."HIST_EQUIP_FUNC"(
    "ID" BIGINT NOT NULL,
    "MOD_DATE" TIMESTAMP NOT NULL,
    "ORGANIZATION" VARCHAR(1000) NOT NULL,
    "USERNAME" VARCHAR(1000) NOT NULL,
    "ACTIVE" BOOLEAN NOT NULL,
    "CHANGEDATE" TIMESTAMP,
    "EQUIP_FUNC_ID" BIGINT NOT NULL,
    "FUNC_ACT" BOOLEAN NOT NULL,
    "FUNCTION_ID" BIGINT,
    "ITEM_ID" BIGINT,
    "TASK_ID" BIGINT,
    "EQUIPMENT_ID" BIGINT
);               
ALTER TABLE "PUBLIC"."HIST_EQUIP_FUNC" ADD CONSTRAINT "PUBLIC"."CONSTRAINT_AC" PRIMARY KEY("ID");             
-- 5 +/- SELECT COUNT(*) FROM PUBLIC.HIST_EQUIP_FUNC;         
INSERT INTO "PUBLIC"."HIST_EQUIP_FUNC" VALUES
(16, TIMESTAMP '2021-01-01 00:00:00', 'organization', 'mapped name', TRUE, TIMESTAMP '2021-12-31 00:00:00', 1, TRUE, 1, 1, 1, 4),
(17, TIMESTAMP '2021-01-01 00:00:00', 'organization', 'mapped name', TRUE, TIMESTAMP '2021-12-31 00:00:00', 2, TRUE, 2, 1, 2, 4),
(18, TIMESTAMP '2021-01-01 00:00:00', 'organization', 'mapped name', TRUE, TIMESTAMP '2021-12-31 00:00:00', 3, TRUE, 3, 1, 3, 4),
(19, TIMESTAMP '2021-01-01 00:00:00', 'organization', 'mapped name', TRUE, TIMESTAMP '2021-12-31 00:00:00', 4, TRUE, 1, 2, 1, 3),
(20, TIMESTAMP '2021-01-01 00:00:00', 'organization', 'mapped name', TRUE, TIMESTAMP '2021-12-31 00:00:00', 5, TRUE, 1, 3, 1, 8);  
CREATE MEMORY TABLE "PUBLIC"."HIST_FUNC_ATT_CONN"(
    "ID" BIGINT NOT NULL,
    "MOD_DATE" TIMESTAMP NOT NULL,
    "ORGANIZATION" VARCHAR(1000) NOT NULL,
    "USERNAME" VARCHAR(1000) NOT NULL,
    "ACTIVE" BOOLEAN NOT NULL,
    "FUNC_ATT_CONN_ID" BIGINT,
    "VALUE_NUM" DECIMAL(19, 2),
    "VALUE_TEXT" VARCHAR(255),
    "ATTRIBUTE_ID" BIGINT,
    "LISTELEMENT_ID" BIGINT,
    "FUNCTION_ID" BIGINT
);
ALTER TABLE "PUBLIC"."HIST_FUNC_ATT_CONN" ADD CONSTRAINT "PUBLIC"."CONSTRAINT_21" PRIMARY KEY("ID");          
-- 5 +/- SELECT COUNT(*) FROM PUBLIC.HIST_FUNC_ATT_CONN;      
INSERT INTO "PUBLIC"."HIST_FUNC_ATT_CONN" VALUES
(21, TIMESTAMP '2021-01-01 00:00:00', 'organization', 'mapped name', TRUE, 6, NULL, NULL, 9, 10, 16),
(22, TIMESTAMP '2021-01-01 00:00:00', 'organization', 'mapped name', TRUE, 7, NULL, NULL, 11, 13, 17),
(23, TIMESTAMP '2021-01-01 00:00:00', 'organization', 'mapped name', TRUE, 8, 100, NULL, 10, NULL, 18),
(24, TIMESTAMP '2021-01-01 00:00:00', 'organization', 'mapped name', TRUE, 9, NULL, 'text value', 8, NULL, 19),
(25, TIMESTAMP '2021-01-01 00:00:00', 'organization', 'mapped name', TRUE, 10, 200, NULL, 12, NULL, 20);           
CREATE MEMORY TABLE "PUBLIC"."ITEM"(
    "ID" BIGINT NOT NULL,
    "ACTIVATION_DATE" TIMESTAMP NOT NULL,
    "ACTIVE" BOOLEAN NOT NULL,
    "MANAGER_ORGANIZATION" VARCHAR(128) NOT NULL,
    "NAME" VARCHAR(128) NOT NULL,
    "OWNER_ORGANIZATION" VARCHAR(128) NOT NULL,
    "ITEMTYPE_ID" BIGINT,
    "SUBSTATION_ID" BIGINT,
    "VOLTAGE_ID" BIGINT
);        
ALTER TABLE "PUBLIC"."ITEM" ADD CONSTRAINT "PUBLIC"."CONSTRAINT_22" PRIMARY KEY("ID");        
-- 33 +/- SELECT COUNT(*) FROM PUBLIC.ITEM;   
INSERT INTO "PUBLIC"."ITEM" VALUES
(1, TIMESTAMP '2021-12-31 00:00:00', TRUE, 'MAVIR', 'ACTIVE ITEM NAME', 'MAVIR', 51, 1, 1),
(2, TIMESTAMP '2021-12-31 00:00:00', FALSE, 'MAVIR', 'INACTIVE ITEM NAME', 'MAVIR', 51, 1, 1),
(3, TIMESTAMP '2021-12-31 00:00:00', TRUE, 'Emasz', 'ACTIVE ITEM Emasz-Emasz', 'Emasz', 52, 6, 6),
(4, TIMESTAMP '2021-12-31 00:00:00', TRUE, 'MAVIR', 'ACTIVE ITEM MAVIR-Emasz', 'Emasz', 52, 2, 2),
(5, TIMESTAMP '2021-12-31 00:00:00', TRUE, 'Emasz', 'ACTIVE ITEM Emasz-MAVIR', 'MAVIR', 52, 2, 2),
(6, TIMESTAMP '2021-01-01 00:00:00', TRUE, 'GTER', 'ACTIVE LINE GTER-GTER 1', 'GTER', 51, 9, 1),
(7, TIMESTAMP '2021-01-01 00:00:00', TRUE, 'GTER', 'ACTIVE LINE GTER-GTER 2', 'GTER', 51, 10, 2),
(8, TIMESTAMP '2021-01-01 00:00:00', TRUE, 'GTER', 'ACTIVE LINE GTER-GTER 3', 'GTER', 51, 11, 3),
(9, TIMESTAMP '2021-01-01 00:00:00', TRUE, 'GTER', 'ACTIVE LINE GTER-GTER 4', 'GTER', 51, 12, 1),
(10, TIMESTAMP '2021-01-01 00:00:00', TRUE, 'GTER', 'ACTIVE LINE GTER-GTER 5', 'GTER', 51, 13, 2),
(11, TIMESTAMP '2021-01-01 00:00:00', TRUE, 'GTER', 'ACTIVE LINE GTER-GTER 6', 'GTER', 51, 14, 3),
(12, TIMESTAMP '2021-01-01 00:00:00', FALSE, 'GTER', 'INACTIVE LINE GTER-GTER 7', 'GTER', 51, 15, 1),
(13, TIMESTAMP '2021-01-01 00:00:00', FALSE, 'GTER', 'INACTIVE LINE GTER-GTER 8', 'GTER', 51, 16, 2),
(14, TIMESTAMP '2021-01-01 00:00:00', FALSE, 'GTER', 'INACTIVE LINE GTER-GTER 9', 'GTER', 51, 17, 3),
(15, TIMESTAMP '2021-01-01 00:00:00', TRUE, 'GTER', 'ACTIVE TR GTER-GTER 1', 'GTER', 52, 9, 1),
(16, TIMESTAMP '2021-01-01 00:00:00', TRUE, 'GTER', 'ACTIVE TR GTER-GTER 2', 'GTER', 52, 10, 2),
(17, TIMESTAMP '2021-01-01 00:00:00', TRUE, 'GTER', 'ACTIVE TR GTER-GTER 3', 'GTER', 52, 11, 3),
(18, TIMESTAMP '2021-01-01 00:00:00', FALSE, 'GTER', 'INACTIVE TR GTER-GTER 4', 'GTER', 52, 12, 1),
(19, TIMESTAMP '2021-01-01 00:00:00', FALSE, 'GTER', 'INACTIVE TR GTER-GTER 5', 'GTER', 52, 13, 2),
(20, TIMESTAMP '2021-01-01 00:00:00', FALSE, 'GTER', 'INACTIVE TR GTER-GTER 6', 'GTER', 52, 14, 3),
(21, TIMESTAMP '2021-01-01 00:00:00', TRUE, 'GTER', 'ACTIVE TR GTER-GTER 7', 'GTER', 52, 15, 1),
(22, TIMESTAMP '2021-01-01 00:00:00', TRUE, 'GTER', 'ACTIVE TR GTER-GTER 8', 'GTER', 52, 16, 2),
(23, TIMESTAMP '2021-01-01 00:00:00', TRUE, 'GTER', 'ACTIVE TR GTER-GTER 9', 'GTER', 52, 17, 3),
(24, TIMESTAMP '2021-01-01 00:00:00', TRUE, 'Elmu', 'ACTIVE LINE Elmu-Elmu 1', 'Elmu', 51, 18, 14),
(25, TIMESTAMP '2021-01-01 00:00:00', TRUE, 'Elmu', 'ACTIVE LINE Elmu-Elmu 2', 'Elmu', 51, 18, 15),
(26, TIMESTAMP '2021-01-01 00:00:00', TRUE, 'Elmu', 'ACTIVE LINE Elmu-Elmu 3', 'Elmu', 51, 19, 14),
(27, TIMESTAMP '2021-01-01 00:00:00', TRUE, 'Elmu', 'ACTIVE LINE Elmu-Elmu 4', 'Elmu', 51, 19, 15),
(28, TIMESTAMP '2021-01-01 00:00:00', TRUE, 'Elmu', 'ACTIVE TR Elmu-Elmu 1', 'Elmu', 52, 18, 14),
(29, TIMESTAMP '2021-01-01 00:00:00', TRUE, 'Elmu', 'ACTIVE TR Elmu-Elmu 2', 'Elmu', 52, 18, 15),
(30, TIMESTAMP '2021-01-01 00:00:00', TRUE, 'Elmu', 'ACTIVE TR Elmu-Elmu 1', 'Elmu', 52, 19, 14),
(31, TIMESTAMP '2021-01-01 00:00:00', TRUE, 'Elmu', 'ACTIVE TR Elmu-Elmu 2', 'Elmu', 52, 19, 15),
(32, TIMESTAMP '2021-01-01 00:00:00', FALSE, 'AES', 'INACTIVE TR AES-AES', 'AES', 52, 19, 15),
(33, TIMESTAMP '2021-01-01 00:00:00', FALSE, 'AES', 'INACTIVE L AES-AES', 'AES', 51, 19, 15);  
CREATE MEMORY TABLE "PUBLIC"."ITEM_TYPE"(
    "ID" BIGINT NOT NULL,
    "ACTIVE" BOOLEAN NOT NULL,
    "NAME" VARCHAR(128) NOT NULL,
    "ORDER_NUM" INTEGER NOT NULL
); 
ALTER TABLE "PUBLIC"."ITEM_TYPE" ADD CONSTRAINT "PUBLIC"."CONSTRAINT_28" PRIMARY KEY("ID");   
-- 11 +/- SELECT COUNT(*) FROM PUBLIC.ITEM_TYPE;              
INSERT INTO "PUBLIC"."ITEM_TYPE" VALUES
(50, FALSE, STRINGDECODE('Gy\u0171jt\u0151s\u00edn'), 6),
(51, TRUE, STRINGDECODE('T\u00e1vvezet\u00e9k'), 5),
(52, TRUE, STRINGDECODE('Transzform\u00e1tor'), 7),
(53, FALSE, STRINGDECODE('Seg\u00e9ds\u00edn'), 8),
(54, TRUE, STRINGDECODE('S\u00edn\u00e1thidal\u00f3'), 9),
(55, TRUE, STRINGDECODE('S\u00ednbont\u00f3'), 12),
(56, FALSE, STRINGDECODE('Gener\u00e1tor'), 11),
(57, FALSE, STRINGDECODE('Kondenz\u00e1tor'), 13),
(58, TRUE, STRINGDECODE('Fojt\u00f3'), 14),
(59, FALSE, STRINGDECODE('Megszak\u00edt\u00f3'), 18),
(60, TRUE, STRINGDECODE('Egy\u00e9b'), 20);   
CREATE MEMORY TABLE "PUBLIC"."LINE_ITEMS"(
    "LINE_ID" BIGINT NOT NULL,
    "ITEM_ID" BIGINT NOT NULL
); 
ALTER TABLE "PUBLIC"."LINE_ITEMS" ADD CONSTRAINT "PUBLIC"."CONSTRAINT_5" PRIMARY KEY("ITEM_ID", "LINE_ID");   
-- 15 +/- SELECT COUNT(*) FROM PUBLIC.LINE_ITEMS;             
INSERT INTO "PUBLIC"."LINE_ITEMS" VALUES
(1, 6),
(1, 7),
(1, 8),
(2, 9),
(2, 10),
(2, 11),
(3, 12),
(3, 13),
(3, 14),
(4, 24),
(4, 25),
(5, 26),
(5, 27),
(6, 33),
(7, 33);    
CREATE MEMORY TABLE "PUBLIC"."LINESHAPE"(
    "ID" BIGINT NOT NULL,
    "ACTIVATION_DATE" TIMESTAMP NOT NULL,
    "ACTIVE" BOOLEAN NOT NULL,
    "CABLE_RATIO" FLOAT NOT NULL,
    "DOUBLE_DEFENCE" BOOLEAN NOT NULL,
    "LINE_LENGHT" FLOAT NOT NULL,
    "MANAGER_ORGANIZATION" VARCHAR(128) NOT NULL,
    "NAME" VARCHAR(128) NOT NULL,
    "OWNER_ORGANIZATION" VARCHAR(128) NOT NULL,
    "PLANT_CONN" BOOLEAN NOT NULL
);   
ALTER TABLE "PUBLIC"."LINESHAPE" ADD CONSTRAINT "PUBLIC"."CONSTRAINT_3C" PRIMARY KEY("ID");   
-- 7 +/- SELECT COUNT(*) FROM PUBLIC.LINESHAPE;               
INSERT INTO "PUBLIC"."LINESHAPE" VALUES
(1, TIMESTAMP '2021-01-01 00:00:00', TRUE, 0.0, TRUE, 81.25, 'MAVIR', 'E LS I', 'MAVIR', FALSE),
(2, TIMESTAMP '2021-01-01 00:00:00', TRUE, 0.0, TRUE, 70.9, 'Elmu', 'D LS II', 'MAVIR', FALSE),
(3, TIMESTAMP '2021-01-01 00:00:00', FALSE, 0.0, TRUE, 25.9, 'MAVIR', 'C LS III', 'EON-Titasz', FALSE),
(4, TIMESTAMP '2021-01-01 00:00:00', TRUE, 0.0, TRUE, 25.9, 'Elmu', 'B LS IV', 'Elmu', FALSE),
(5, TIMESTAMP '2021-01-01 00:00:00', TRUE, 0.0, TRUE, 25.9, 'Elmu', 'A LS V', 'Elmu', FALSE),
(6, TIMESTAMP '2021-01-01 00:00:00', FALSE, 0.0, TRUE, 25.9, 'AES', 'INACTIVE MULTIPLE I', 'AES', FALSE),
(7, TIMESTAMP '2021-01-01 00:00:00', FALSE, 0.0, TRUE, 25.9, 'AES', 'INACTIVE MULTIPLE II', 'AES', FALSE);     
CREATE MEMORY TABLE "PUBLIC"."MAIN_PAGE_DESC"(
    "ID" BIGINT NOT NULL,
    "ACTIVE" BOOLEAN,
    "FILE_NAME" VARCHAR(128),
    "MAIN_PAGE_TYPE" VARCHAR(24),
    "TITLE" VARCHAR(256),
    "UPLOADED" BOOLEAN,
    "FILE_ID" BIGINT,
    "TEMP_MAIN_ID" BIGINT
);  
ALTER TABLE "PUBLIC"."MAIN_PAGE_DESC" ADD CONSTRAINT "PUBLIC"."CONSTRAINT_9" PRIMARY KEY("ID");               
-- 20 +/- SELECT COUNT(*) FROM PUBLIC.MAIN_PAGE_DESC;         
INSERT INTO "PUBLIC"."MAIN_PAGE_DESC" VALUES
(1, TRUE, NULL, 'FRONT_COVERPAGE', NULL, FALSE, NULL, 1),
(2, TRUE, NULL, 'FIRST_PAGE', NULL, FALSE, NULL, 1),
(3, TRUE, NULL, 'FOREWORD', NULL, FALSE, NULL, 1),
(4, TRUE, NULL, 'RATING_WAY', NULL, FALSE, NULL, 1),
(5, TRUE, NULL, 'BACK_COVERPAGE', NULL, FALSE, NULL, 1),
(6, TRUE, NULL, 'FRONT_COVERPAGE', NULL, FALSE, NULL, 2),
(7, TRUE, NULL, 'FIRST_PAGE', NULL, FALSE, NULL, 2),
(8, TRUE, NULL, 'FOREWORD', NULL, FALSE, NULL, 2),
(9, TRUE, NULL, 'RATING_WAY', NULL, FALSE, NULL, 2),
(10, TRUE, NULL, 'BACK_COVERPAGE', NULL, FALSE, NULL, 2),
(11, TRUE, NULL, 'FRONT_COVERPAGE', NULL, FALSE, NULL, 3),
(12, TRUE, NULL, 'FIRST_PAGE', NULL, FALSE, NULL, 3),
(13, TRUE, NULL, 'FOREWORD', NULL, FALSE, NULL, 3),
(14, TRUE, NULL, 'RATING_WAY', NULL, FALSE, NULL, 3),
(15, TRUE, NULL, 'BACK_COVERPAGE', NULL, FALSE, NULL, 3),
(16, TRUE, NULL, 'FRONT_COVERPAGE', NULL, FALSE, NULL, 4),
(17, TRUE, NULL, 'FIRST_PAGE', NULL, FALSE, NULL, 4),
(18, TRUE, NULL, 'FOREWORD', NULL, FALSE, NULL, 4),
(19, TRUE, NULL, 'RATING_WAY', NULL, FALSE, NULL, 4),
(20, TRUE, NULL, 'BACK_COVERPAGE', NULL, FALSE, NULL, 4);   
CREATE MEMORY TABLE "PUBLIC"."PARAMETER_GROUPS"(
    "PARAM_GROUP" VARCHAR(30) NOT NULL,
    "PARAM_GROUP_DESC" VARCHAR(200) NOT NULL,
    "PARAM_GROUP_VALIDATOR" VARCHAR(200)
);        
ALTER TABLE "PUBLIC"."PARAMETER_GROUPS" ADD CONSTRAINT "PUBLIC"."CONSTRAINT_2C" PRIMARY KEY("PARAM_GROUP");   
-- 6 +/- SELECT COUNT(*) FROM PUBLIC.PARAMETER_GROUPS;        
INSERT INTO "PUBLIC"."PARAMETER_GROUPS" VALUES
('fixQuery', STRINGDECODE('Fix lek\u00e9rdez\u00e9sekkel kapcsolatos jellemz\u0151k'), NULL),
('event', STRINGDECODE('Esem\u00e9nyekkel kapcsolatos param\u00e9terek'), NULL),
('voltage', STRINGDECODE('Fesz\u00fclts\u00e9gszint jellemz\u0151k'), NULL),
('guiDisplay', STRINGDECODE('Megjelen\u00edt\u00e9s'), NULL),
('organization', STRINGDECODE('Szervezetekkel kapcsolatos jellemz\u0151k'), NULL),
('TEST_GROUP', 'TEST_GROUP_DESC', NULL);    
CREATE MEMORY TABLE "PUBLIC"."PARAMETERS"(
    "PARAM_GROUP" VARCHAR(255) NOT NULL,
    "PARAM_NAME" VARCHAR(255) NOT NULL,
    "EDITABLE" VARCHAR(255) NOT NULL,
    "PARAM_DESC" VARCHAR(200),
    "PARAM_VALIDATOR" VARCHAR(200),
    "PARAM_VALUE" VARCHAR(200) NOT NULL,
    "VISIBLE" VARCHAR(255) NOT NULL
);  
ALTER TABLE "PUBLIC"."PARAMETERS" ADD CONSTRAINT "PUBLIC"."CONSTRAINT_38" PRIMARY KEY("PARAM_GROUP", "PARAM_NAME");           
-- 18 +/- SELECT COUNT(*) FROM PUBLIC.PARAMETERS;             
INSERT INTO "PUBLIC"."PARAMETERS" VALUES
('fixQuery', 'baseProtection', 'N', STRINGDECODE('Alapv\u00e9delem feladat pontos neve'), NULL, STRINGDECODE('Alapv\u00e9delem'), 'N'),
('event', 'vkaSwitchBack', 'N', STRINGDECODE('VKA isszakapcsol\u00e1s funkci\u00f3 pontos neve'), NULL, STRINGDECODE('visszakapcsol\u00f3 automatika'), 'Y'),
('event', 'baseProtection', 'N', STRINGDECODE('Alapv\u00e9delem funkci\u00f3 pontos neve'), NULL, STRINGDECODE('alapv\u00e9delem'), 'Y'),
('fixQuery', 'autoProtection', 'N', STRINGDECODE('Auton\u00f3m v\u00e9delem feladat pontos neve'), NULL, STRINGDECODE('Auton\u00f3m v\u00e9delem'), 'N'),
('fixQuery', 'storeProtection', 'N', STRINGDECODE('Tartal\u00e9k v\u00e9delem feladat pontos neve'), NULL, STRINGDECODE('Tartal\u00e9kv\u00e9delem'), 'N'),
('voltage', 'minVoltageValue', 'N', STRINGDECODE('Legkisebb megadhat\u00f3 fesz\u00fclts\u00e9gszint \u00e9rt\u00e9k'), NULL, '0.4', 'N'),
('voltage', 'maxVoltageValue', 'N', STRINGDECODE('Legnagyobb megadhat\u00f3 fesz\u00fclts\u00e9gszint \u00e9rt\u00e9k'), NULL, '750', 'N'),
('voltage', 'minHighVoltageValue', 'N', STRINGDECODE('Minim\u00e1lis nagyfesz\u00fclts\u00e9g \u00e9rt\u00e9k'), NULL, '120', 'N'),
('guiDisplay', 'dayBackwardsMedium', 'Y', STRINGDECODE('A visszafel\u00e9 v\u00e1laszthat\u00f3 napok sz\u00e1ma (k\u00f6zepes t\u00e1rol\u00e1si id\u0151 eset\u00e9n).'), NULL, '365', 'Y'),
('guiDisplay', 'dayBackwardsLong', 'Y', STRINGDECODE('A visszafel\u00e9 v\u00e1laszthat\u00f3 napok sz\u00e1ma (hossz\u00fa t\u00e1rol\u00e1si id\u0151 eset\u00e9n).'), NULL, '1825', 'Y'),
('guiDisplay', 'maxRowNum1', 'Y', STRINGDECODE('A nemzetk\u00f6zi sz\u00e1ll\u00edt\u00e1si menetrendek programfel\u00fcleten, alap\u00e9rtelmezettk\u00e9nt megjelen\u0151 sorok sz\u00e1ma.'), NULL, '20', 'Y'),
('organization', 'mavirName', 'N', 'MAVIR szervezet neve', NULL, 'MAVIR', 'N'),
('fixQuery', 'lineShapeType', 'N', STRINGDECODE('T\u00e1vvezet\u00e9k objektum t\u00edpus pontos neve'), NULL, STRINGDECODE('T\u00e1vvezet\u00e9k'), 'N'),
('fixQuery', 'collectorRailType', 'N', STRINGDECODE('Gy\u0171jt\u0151s\u00edn objektum t\u00edpus pontos neve'), NULL, STRINGDECODE('Gy\u0171jt\u0151s\u00edn'), 'N'),
('fixQuery', 'transformerShapeType', 'N', STRINGDECODE('Transzform\u00e1tor objektum t\u00edpus pontos neve'), NULL, STRINGDECODE('Transzform\u00e1tor'), 'N'),
('organization', 'foreignOrgName', 'N', STRINGDECODE('K\u00fclf\u00f6ldi szervezet neve'), NULL, STRINGDECODE('K\u00fclf\u00f6ld'), 'N'),
('TEST_GROUP', 'TEST_PARAM FUNCTION', 'N', 'TEST PARAM DESCRIPTION', NULL, 'INACTIVE FUNCTION A', 'N'),
('TEST_GROUP', 'TEST_PARAM TASK', 'N', 'TEST PARAM DESCRIPTION', NULL, STRINGDECODE('egy\u00e9b'), 'N');       
CREATE MEMORY TABLE "PUBLIC"."REPORT_DESC"(
    "ID" BIGINT NOT NULL,
    "ACTIVE" BOOLEAN NOT NULL,
    "END_DATE" TIMESTAMP NOT NULL,
    "QUERY_END_DATE" TIMESTAMP NOT NULL,
    "QUERY_START_DATE" TIMESTAMP NOT NULL,
    "REPORT_STATUS" VARCHAR(255) NOT NULL,
    "START_DATE" TIMESTAMP NOT NULL,
    "STATE" VARCHAR(255),
    "FILEENTITY_ID" BIGINT,
    "TEMPLATE_ID" BIGINT NOT NULL
);             
ALTER TABLE "PUBLIC"."REPORT_DESC" ADD CONSTRAINT "PUBLIC"."CONSTRAINT_735" PRIMARY KEY("ID");
-- 1 +/- SELECT COUNT(*) FROM PUBLIC.REPORT_DESC;             
INSERT INTO "PUBLIC"."REPORT_DESC" VALUES
(1, TRUE, TIMESTAMP '2021-04-01 00:00:00', TIMESTAMP '2021-04-01 00:00:00', TIMESTAMP '2021-04-01 00:00:00', 'ERROR', TIMESTAMP '2021-04-01 00:00:00', 'null%%', NULL, 4);         
CREATE MEMORY TABLE "PUBLIC"."SEASONAL_REPORT_TITLE"(
    "ID" BIGINT NOT NULL,
    "ORGANIZATION" VARCHAR(1024) NOT NULL,
    "TITLE" VARCHAR(1024)
);   
ALTER TABLE "PUBLIC"."SEASONAL_REPORT_TITLE" ADD CONSTRAINT "PUBLIC"."CONSTRAINT_70" PRIMARY KEY("ID");       
-- 0 +/- SELECT COUNT(*) FROM PUBLIC.SEASONAL_REPORT_TITLE;   
CREATE MEMORY TABLE "PUBLIC"."STATISTIC_DESC"(
    "ID" BIGINT NOT NULL,
    "ACTIVE" BOOLEAN NOT NULL,
    "DESCRIPTION" VARCHAR(128),
    "FILTER_STRING" VARCHAR(4000) NOT NULL,
    "NAME" VARCHAR(128) NOT NULL,
    "OFFSET_" INTEGER,
    "QUERY_TYPE" VARCHAR(128),
    "REPORT_NAME" VARCHAR(128)
);        
ALTER TABLE "PUBLIC"."STATISTIC_DESC" ADD CONSTRAINT "PUBLIC"."CONSTRAINT_AB6" PRIMARY KEY("ID");             
-- 2 +/- SELECT COUNT(*) FROM PUBLIC.STATISTIC_DESC;          
INSERT INTO "PUBLIC"."STATISTIC_DESC" VALUES
(1, TRUE, 'DESCRIPTION I', '{"fixqueriesfilterdto":{"itemOwners":{"string":["MAVIR-KSZ"]}, "transformerTypes":{}, "voltageIds":{"long":[14,2]}, "substationIds":{}, "itemIds":{}, "manufacturers":{}, "itemTypeId":51, "itemTypeIds":{}, "withPartiallyActiveLines":true, "countMode":"only_100", "equipmentFunctionIds":{}, "equipmentTypeIds":{}, "taskIds":{}}}', 'NAME I', NULL, 'CLOSURE_DETAILS_BY_TYPE', NULL),
(2, TRUE, 'DESCRIPTION II', '{"fixqueriesfilterdto":{"itemOwners":{"string":["MAVIR-KSZ","EON-Titasz"]}, "transformerTypes":{}, "voltageIds":{"long":[14,2,13]}, "substationIds":{}, "itemIds":{}, "manufacturers":{}, "itemTypeIds":{"long":[50,52]}, "withPartiallyActiveLines":false, "countMode":"all", "equipmentFunctionIds":{}, "equipmentTypeIds":{}, "taskIds":{}}}', 'NAME II', 2, 'SAFE_FUNCTION_CAUSES', NULL);             
CREATE MEMORY TABLE "PUBLIC"."STATUS_HISTORY"(
    "ID" BIGINT NOT NULL,
    "END_DATE" TIMESTAMP NOT NULL,
    "START_DATE" TIMESTAMP NOT NULL,
    "STATUS" BOOLEAN NOT NULL,
    "LINESHAPE_ID" BIGINT NOT NULL
);   
ALTER TABLE "PUBLIC"."STATUS_HISTORY" ADD CONSTRAINT "PUBLIC"."CONSTRAINT_6" PRIMARY KEY("ID");               
-- 10 +/- SELECT COUNT(*) FROM PUBLIC.STATUS_HISTORY;         
INSERT INTO "PUBLIC"."STATUS_HISTORY" VALUES
(1, TIMESTAMP '2021-01-31 00:00:00', TIMESTAMP '2021-01-01 00:00:00', TRUE, 1),
(2, TIMESTAMP '2021-02-28 00:00:00', TIMESTAMP '2021-01-31 00:00:00', FALSE, 1),
(3, TIMESTAMP '2021-03-31 00:00:00', TIMESTAMP '2021-02-28 00:00:00', TRUE, 1),
(4, TIMESTAMP '2021-04-30 00:00:00', TIMESTAMP '2021-03-31 00:00:00', FALSE, 1),
(5, TIMESTAMP '2021-04-30 00:00:00', TIMESTAMP '2021-04-01 00:00:00', TRUE, 2),
(6, TIMESTAMP '2021-01-31 00:00:00', TIMESTAMP '2021-01-01 00:00:00', TRUE, 4),
(7, TIMESTAMP '2021-02-28 00:00:00', TIMESTAMP '2021-01-31 00:00:00', FALSE, 4),
(8, TIMESTAMP '2021-03-31 00:00:00', TIMESTAMP '2021-02-28 00:00:00', TRUE, 4),
(9, TIMESTAMP '2099-12-31 00:00:00', TIMESTAMP '2021-03-31 00:00:00', FALSE, 4),
(10, TIMESTAMP '2099-12-31 00:00:00', TIMESTAMP '2021-04-01 00:00:00', TRUE, 5);   
CREATE MEMORY TABLE "PUBLIC"."STATUS_HISTORY_ITEM"(
    "ID" BIGINT NOT NULL,
    "END_DATE" TIMESTAMP NOT NULL,
    "START_DATE" TIMESTAMP NOT NULL,
    "STATUS" BOOLEAN NOT NULL,
    "ITEM_ID" BIGINT NOT NULL
);   
ALTER TABLE "PUBLIC"."STATUS_HISTORY_ITEM" ADD CONSTRAINT "PUBLIC"."CONSTRAINT_57" PRIMARY KEY("ID");         
-- 61 +/- SELECT COUNT(*) FROM PUBLIC.STATUS_HISTORY_ITEM;    
INSERT INTO "PUBLIC"."STATUS_HISTORY_ITEM" VALUES
(1, TIMESTAMP '2021-01-31 00:00:00', TIMESTAMP '2021-01-01 00:00:00', TRUE, 15),
(2, TIMESTAMP '2021-01-31 00:00:00', TIMESTAMP '2021-01-01 00:00:00', TRUE, 16),
(3, TIMESTAMP '2021-01-31 00:00:00', TIMESTAMP '2021-01-01 00:00:00', TRUE, 17),
(4, TIMESTAMP '2021-02-28 00:00:00', TIMESTAMP '2021-01-31 00:00:00', FALSE, 15),
(5, TIMESTAMP '2021-02-28 00:00:00', TIMESTAMP '2021-01-31 00:00:00', FALSE, 16),
(6, TIMESTAMP '2021-02-28 00:00:00', TIMESTAMP '2021-01-31 00:00:00', FALSE, 17),
(7, TIMESTAMP '2021-03-31 00:00:00', TIMESTAMP '2021-02-28 00:00:00', TRUE, 15),
(8, TIMESTAMP '2021-03-31 00:00:00', TIMESTAMP '2021-02-28 00:00:00', TRUE, 16),
(9, TIMESTAMP '2021-03-31 00:00:00', TIMESTAMP '2021-02-28 00:00:00', TRUE, 17),
(10, TIMESTAMP '2021-04-30 00:00:00', TIMESTAMP '2021-03-31 00:00:00', FALSE, 15),
(11, TIMESTAMP '2021-04-30 00:00:00', TIMESTAMP '2021-03-31 00:00:00', FALSE, 16),
(12, TIMESTAMP '2021-04-30 00:00:00', TIMESTAMP '2021-03-31 00:00:00', FALSE, 17),
(13, TIMESTAMP '2021-04-30 00:00:00', TIMESTAMP '2021-04-01 00:00:00', TRUE, 18),
(14, TIMESTAMP '2021-04-30 00:00:00', TIMESTAMP '2021-04-01 00:00:00', TRUE, 19),
(15, TIMESTAMP '2021-04-30 00:00:00', TIMESTAMP '2021-04-01 00:00:00', TRUE, 20),
(16, TIMESTAMP '2021-01-31 00:00:00', TIMESTAMP '2021-01-01 00:00:00', TRUE, 28),
(17, TIMESTAMP '2021-01-31 00:00:00', TIMESTAMP '2021-01-01 00:00:00', TRUE, 29),
(18, TIMESTAMP '2021-02-28 00:00:00', TIMESTAMP '2021-01-31 00:00:00', FALSE, 28),
(19, TIMESTAMP '2021-02-28 00:00:00', TIMESTAMP '2021-01-31 00:00:00', FALSE, 29),
(20, TIMESTAMP '2021-03-31 00:00:00', TIMESTAMP '2021-02-28 00:00:00', TRUE, 28),
(21, TIMESTAMP '2021-03-31 00:00:00', TIMESTAMP '2021-02-28 00:00:00', TRUE, 29),
(22, TIMESTAMP '2099-12-31 00:00:00', TIMESTAMP '2021-03-31 00:00:00', FALSE, 28),
(23, TIMESTAMP '2099-12-31 00:00:00', TIMESTAMP '2021-03-31 00:00:00', FALSE, 29),
(24, TIMESTAMP '2099-12-31 00:00:00', TIMESTAMP '2021-04-01 00:00:00', TRUE, 30),
(25, TIMESTAMP '2099-12-31 00:00:00', TIMESTAMP '2021-04-01 00:00:00', TRUE, 31),
(26, TIMESTAMP '2021-01-31 00:00:00', TIMESTAMP '2021-01-01 00:00:00', TRUE, 6),
(27, TIMESTAMP '2021-01-31 00:00:00', TIMESTAMP '2021-01-01 00:00:00', TRUE, 7),
(28, TIMESTAMP '2021-01-31 00:00:00', TIMESTAMP '2021-01-01 00:00:00', TRUE, 8),
(29, TIMESTAMP '2021-02-28 00:00:00', TIMESTAMP '2021-01-31 00:00:00', FALSE, 6),
(30, TIMESTAMP '2021-02-28 00:00:00', TIMESTAMP '2021-01-31 00:00:00', FALSE, 7),
(31, TIMESTAMP '2021-02-28 00:00:00', TIMESTAMP '2021-01-31 00:00:00', FALSE, 8),
(32, TIMESTAMP '2021-03-31 00:00:00', TIMESTAMP '2021-02-28 00:00:00', TRUE, 6),
(33, TIMESTAMP '2021-03-31 00:00:00', TIMESTAMP '2021-02-28 00:00:00', TRUE, 7),
(34, TIMESTAMP '2021-03-31 00:00:00', TIMESTAMP '2021-02-28 00:00:00', TRUE, 8),
(35, TIMESTAMP '2021-04-30 00:00:00', TIMESTAMP '2021-03-31 00:00:00', FALSE, 6),
(36, TIMESTAMP '2021-04-30 00:00:00', TIMESTAMP '2021-03-31 00:00:00', FALSE, 7),
(37, TIMESTAMP '2021-04-30 00:00:00', TIMESTAMP '2021-03-31 00:00:00', FALSE, 8),
(38, TIMESTAMP '2021-04-30 00:00:00', TIMESTAMP '2021-04-01 00:00:00', TRUE, 9),
(39, TIMESTAMP '2021-04-30 00:00:00', TIMESTAMP '2021-04-01 00:00:00', TRUE, 10),
(40, TIMESTAMP '2021-01-31 00:00:00', TIMESTAMP '2021-01-01 00:00:00', TRUE, 24),
(41, TIMESTAMP '2021-01-31 00:00:00', TIMESTAMP '2021-01-01 00:00:00', TRUE, 25),
(42, TIMESTAMP '2021-02-28 00:00:00', TIMESTAMP '2021-01-31 00:00:00', FALSE, 24),
(43, TIMESTAMP '2021-02-28 00:00:00', TIMESTAMP '2021-01-31 00:00:00', FALSE, 25),
(44, TIMESTAMP '2021-03-31 00:00:00', TIMESTAMP '2021-02-28 00:00:00', TRUE, 24),
(45, TIMESTAMP '2021-03-31 00:00:00', TIMESTAMP '2021-02-28 00:00:00', TRUE, 25),
(46, TIMESTAMP '2099-12-31 00:00:00', TIMESTAMP '2021-03-31 00:00:00', FALSE, 24),
(47, TIMESTAMP '2099-12-31 00:00:00', TIMESTAMP '2021-03-31 00:00:00', FALSE, 25),
(48, TIMESTAMP '2099-12-31 00:00:00', TIMESTAMP '2021-04-01 00:00:00', TRUE, 26),
(49, TIMESTAMP '2099-12-31 00:00:00', TIMESTAMP '2021-04-01 00:00:00', TRUE, 27),
(50, TIMESTAMP '2021-01-31 00:00:00', TIMESTAMP '2021-01-01 00:00:00', TRUE, 11);         
INSERT INTO "PUBLIC"."STATUS_HISTORY_ITEM" VALUES
(51, TIMESTAMP '2021-02-28 00:00:00', TIMESTAMP '2021-01-31 00:00:00', FALSE, 11),
(52, TIMESTAMP '2021-03-31 00:00:00', TIMESTAMP '2021-02-28 00:00:00', TRUE, 11),
(53, TIMESTAMP '2021-04-30 00:00:00', TIMESTAMP '2021-03-31 00:00:00', FALSE, 11),
(54, TIMESTAMP '2021-04-30 00:00:00', TIMESTAMP '2021-01-01 00:00:00', TRUE, 12),
(55, TIMESTAMP '2099-12-31 00:00:00', TIMESTAMP '2021-01-01 00:00:00', TRUE, 13),
(56, TIMESTAMP '2021-01-31 00:00:00', TIMESTAMP '2021-01-01 00:00:00', FALSE, 21),
(57, TIMESTAMP '2021-02-28 00:00:00', TIMESTAMP '2021-01-31 00:00:00', TRUE, 21),
(58, TIMESTAMP '2021-03-31 00:00:00', TIMESTAMP '2021-02-28 00:00:00', FALSE, 21),
(59, TIMESTAMP '2021-04-30 00:00:00', TIMESTAMP '2021-03-31 00:00:00', TRUE, 21),
(60, TIMESTAMP '2021-04-30 00:00:00', TIMESTAMP '2021-01-01 00:00:00', FALSE, 22),
(61, TIMESTAMP '2099-12-31 00:00:00', TIMESTAMP '2021-01-01 00:00:00', FALSE, 23);      
CREATE MEMORY TABLE "PUBLIC"."STATUS_HISTORY_TS"(
    "ID" BIGINT NOT NULL,
    "END_DATE" TIMESTAMP NOT NULL,
    "START_DATE" TIMESTAMP NOT NULL,
    "STATUS" BOOLEAN NOT NULL,
    "TS_ID" BIGINT NOT NULL
);       
ALTER TABLE "PUBLIC"."STATUS_HISTORY_TS" ADD CONSTRAINT "PUBLIC"."CONSTRAINT_9A" PRIMARY KEY("ID");           
-- 10 +/- SELECT COUNT(*) FROM PUBLIC.STATUS_HISTORY_TS;      
INSERT INTO "PUBLIC"."STATUS_HISTORY_TS" VALUES
(1, TIMESTAMP '2021-01-31 00:00:00', TIMESTAMP '2021-01-01 00:00:00', TRUE, 1),
(2, TIMESTAMP '2021-02-28 00:00:00', TIMESTAMP '2021-01-31 00:00:00', FALSE, 1),
(3, TIMESTAMP '2021-03-31 00:00:00', TIMESTAMP '2021-02-28 00:00:00', TRUE, 1),
(4, TIMESTAMP '2021-04-30 00:00:00', TIMESTAMP '2021-03-31 00:00:00', FALSE, 1),
(5, TIMESTAMP '2021-04-30 00:00:00', TIMESTAMP '2021-04-01 00:00:00', TRUE, 2),
(6, TIMESTAMP '2021-01-31 00:00:00', TIMESTAMP '2021-01-01 00:00:00', TRUE, 4),
(7, TIMESTAMP '2021-02-28 00:00:00', TIMESTAMP '2021-01-31 00:00:00', FALSE, 4),
(8, TIMESTAMP '2021-03-31 00:00:00', TIMESTAMP '2021-02-28 00:00:00', TRUE, 4),
(9, TIMESTAMP '2099-12-31 00:00:00', TIMESTAMP '2021-03-31 00:00:00', FALSE, 4),
(10, TIMESTAMP '2099-12-31 00:00:00', TIMESTAMP '2021-04-01 00:00:00', TRUE, 5);
CREATE MEMORY TABLE "PUBLIC"."SUBSTATION"(
    "ID" BIGINT NOT NULL,
    "ACTIVE" BOOLEAN NOT NULL,
    "CO_OWNER_ORGANIZATIONS" VARCHAR(512),
    "NAME" VARCHAR(128) NOT NULL,
    "OWNER_ORGANIZATION" VARCHAR(128) NOT NULL
);      
ALTER TABLE "PUBLIC"."SUBSTATION" ADD CONSTRAINT "PUBLIC"."CONSTRAINT_F0" PRIMARY KEY("ID");  
-- 19 +/- SELECT COUNT(*) FROM PUBLIC.SUBSTATION;             
INSERT INTO "PUBLIC"."SUBSTATION" VALUES
(1, TRUE, 'MAVIR', 'SUBSTATION_MAVIR_EMASZ_ACTIVE', 'Emasz'),
(2, TRUE, 'MAVIR', 'SUBSTATION_MAVIR_MAVIR_ACTIVE', 'MAVIR'),
(3, TRUE, 'Emasz', 'SUBSTATION_EMASZ_MAVIR_ACTIVE', 'MAVIR'),
(4, TRUE, 'Emasz', 'SUBSTATION_EMASZ_EMASZ_ACTIVE', 'Emasz'),
(5, FALSE, 'MAVIR', 'SUBSTATION_MAVIR_EMASZ_INACTIVE', 'Emasz'),
(6, FALSE, 'MAVIR', 'SUBSTATION_MAVIR_MAVIR_INACTIVE', 'MAVIR'),
(7, FALSE, 'Emasz', 'SUBSTATION_EMASZ_MAVIR_INACTIVE', 'MAVIR'),
(8, FALSE, 'Emasz', 'SUBSTATION_EMASZ_EMASZ_INACTIVE', 'Emasz'),
(9, TRUE, 'GTER', 'SUBSTATION_GTER_1', 'GTER'),
(10, TRUE, 'GTER', 'SUBSTATION_GTER_2', 'GTER'),
(11, TRUE, 'GTER', 'SUBSTATION_GTER_3', 'GTER'),
(12, TRUE, 'GTER', 'SUBSTATION_GTER_4', 'GTER'),
(13, TRUE, 'GTER', 'SUBSTATION_GTER_5', 'GTER'),
(14, TRUE, 'GTER', 'SUBSTATION_GTER_6', 'GTER'),
(15, TRUE, 'GTER', 'SUBSTATION_GTER_7', 'GTER'),
(16, TRUE, 'GTER', 'SUBSTATION_GTER_8', 'GTER'),
(17, TRUE, 'GTER', 'SUBSTATION_GTER_9', 'GTER'),
(18, TRUE, 'Elmu', 'SUBSTATION_Elmu_1', 'Elmu'),
(19, TRUE, 'Elmu', 'SUBSTATION_Elmu_2', 'Elmu');             
CREATE MEMORY TABLE "PUBLIC"."SUBSTATION_VOLTAGE"(
    "SUBSTATION_ID" BIGINT NOT NULL,
    "VOLTAGE_ID" BIGINT NOT NULL
);
ALTER TABLE "PUBLIC"."SUBSTATION_VOLTAGE" ADD CONSTRAINT "PUBLIC"."CONSTRAINT_E1" PRIMARY KEY("SUBSTATION_ID", "VOLTAGE_ID"); 
-- 41 +/- SELECT COUNT(*) FROM PUBLIC.SUBSTATION_VOLTAGE;     
INSERT INTO "PUBLIC"."SUBSTATION_VOLTAGE" VALUES
(1, 1),
(1, 9),
(1, 10),
(2, 2),
(3, 3),
(4, 4),
(5, 5),
(6, 6),
(7, 7),
(7, 1),
(8, 8),
(8, 1),
(9, 1),
(9, 2),
(9, 3),
(10, 1),
(10, 2),
(10, 3),
(11, 1),
(11, 2),
(11, 3),
(12, 1),
(12, 2),
(12, 3),
(13, 1),
(13, 2),
(13, 3),
(14, 1),
(14, 2),
(14, 3),
(15, 1),
(15, 2),
(15, 3),
(16, 1),
(16, 2),
(16, 3),
(17, 1),
(17, 2),
(17, 3),
(18, 15),
(19, 15);
CREATE MEMORY TABLE "PUBLIC"."SYSTEM_PARAMS"(
    "ID" BIGINT NOT NULL,
    "EVENT_EQUIPMENT_RULE" INTEGER NOT NULL,
    "EVENT_OBJECT_RULE" INTEGER NOT NULL
);          
ALTER TABLE "PUBLIC"."SYSTEM_PARAMS" ADD CONSTRAINT "PUBLIC"."CONSTRAINT_D" PRIMARY KEY("ID");
-- 1 +/- SELECT COUNT(*) FROM PUBLIC.SYSTEM_PARAMS;           
INSERT INTO "PUBLIC"."SYSTEM_PARAMS" VALUES
(1, 1, 0);       
CREATE MEMORY TABLE "PUBLIC"."TASK"(
    "ID" BIGINT NOT NULL,
    "ACTIVE" BOOLEAN NOT NULL,
    "NAME" VARCHAR(255) NOT NULL,
    "ORDER_NUM" INTEGER NOT NULL
);      
ALTER TABLE "PUBLIC"."TASK" ADD CONSTRAINT "PUBLIC"."CONSTRAINT_27" PRIMARY KEY("ID");        
-- 9 +/- SELECT COUNT(*) FROM PUBLIC.TASK;    
INSERT INTO "PUBLIC"."TASK" VALUES
(1, TRUE, STRINGDECODE('alapv\u00e9delem'), 1),
(2, TRUE, STRINGDECODE('tartal\u00e9kv\u00e9delem'), 2),
(3, TRUE, STRINGDECODE('\u00fczemzavari automatika'), 6),
(4, TRUE, STRINGDECODE('\u00fczemviteli automatika'), 7),
(5, FALSE, 'rendszer automatika', 5),
(6, FALSE, STRINGDECODE('auton\u00f3m v\u00e9delem'), 3),
(7, FALSE, STRINGDECODE('hibahelyi t\u00e1vm\u00e9r\u0151'), 4),
(8, TRUE, STRINGDECODE('egy\u00e9b'), 8),
(9, TRUE, STRINGDECODE('mechanikus v\u00e9delem'), 9);    
CREATE MEMORY TABLE "PUBLIC"."TEMPLATE_DESC"(
    "ID" BIGINT NOT NULL,
    "ACTIVE" BOOLEAN NOT NULL,
    "CREATION_DATE" TIMESTAMP,
    "CREATOR_NAME" VARCHAR(128),
    "DRAFT" BOOLEAN NOT NULL,
    "LAST_MOD_DATE" TIMESTAMP,
    "LAST_MOD_NAME" VARCHAR(128),
    "NAME" VARCHAR(128),
    "TEMPLATE_STATUS" VARCHAR(24)
); 
ALTER TABLE "PUBLIC"."TEMPLATE_DESC" ADD CONSTRAINT "PUBLIC"."CONSTRAINT_B" PRIMARY KEY("ID");
-- 5 +/- SELECT COUNT(*) FROM PUBLIC.TEMPLATE_DESC;           
INSERT INTO "PUBLIC"."TEMPLATE_DESC" VALUES
(1, TRUE, TIMESTAMP '2021-01-01 00:00:00', 'creator I', FALSE, TIMESTAMP '2021-02-01 00:00:00', 'modificator I', 'C template name 1', 'READY'),
(2, TRUE, TIMESTAMP '2021-02-01 00:00:00', 'creator II', FALSE, TIMESTAMP '2021-03-01 00:00:00', 'modificator II', 'A template name 2', 'IN_PROGRESS'),
(3, TRUE, TIMESTAMP '2021-03-01 00:00:00', 'creator III', FALSE, TIMESTAMP '2021-04-01 00:00:00', 'modificator III', 'B template name 3', 'IN_PROGRESS'),
(4, TRUE, TIMESTAMP '2021-04-01 00:00:00', 'creator IV', FALSE, TIMESTAMP '2021-05-01 00:00:00', 'modificator IV', 'D template name 4', 'READY'),
(5, FALSE, TIMESTAMP '2021-04-01 00:00:00', 'creator V', FALSE, TIMESTAMP '2021-05-01 00:00:00', 'modificator V', 'E template name 5', 'READY');         
CREATE MEMORY TABLE "PUBLIC"."TRANSFORMER_ITEMS"(
    "TRANSFORMER_ID" BIGINT NOT NULL,
    "ITEM_ID" BIGINT NOT NULL
);   
ALTER TABLE "PUBLIC"."TRANSFORMER_ITEMS" ADD CONSTRAINT "PUBLIC"."CONSTRAINT_2C3" PRIMARY KEY("ITEM_ID", "TRANSFORMER_ID");   
-- 15 +/- SELECT COUNT(*) FROM PUBLIC.TRANSFORMER_ITEMS;      
INSERT INTO "PUBLIC"."TRANSFORMER_ITEMS" VALUES
(1, 15),
(1, 16),
(1, 17),
(2, 18),
(2, 19),
(2, 20),
(3, 21),
(3, 22),
(3, 23),
(4, 28),
(4, 29),
(5, 30),
(5, 31),
(6, 32),
(7, 32);         
CREATE MEMORY TABLE "PUBLIC"."TRANSFORMERSHAPE"(
    "ID" BIGINT NOT NULL,
    "ACTIVE" BOOLEAN NOT NULL,
    "DOUBLE_DEFENCE" BOOLEAN NOT NULL,
    "MANAGER_ORGANIZATION" VARCHAR(128) NOT NULL,
    "NAME" VARCHAR(128) NOT NULL,
    "OWNER_ORGANIZATION" VARCHAR(128) NOT NULL,
    "PRIMER_POWER" INTEGER NOT NULL,
    "SECUNDER_POWER" INTEGER NOT NULL,
    "TERCIER_POWER" INTEGER NOT NULL,
    "TRANSFORMER_TYPE" VARCHAR(50) NOT NULL
);              
ALTER TABLE "PUBLIC"."TRANSFORMERSHAPE" ADD CONSTRAINT "PUBLIC"."CONSTRAINT_F8" PRIMARY KEY("ID");            
-- 7 +/- SELECT COUNT(*) FROM PUBLIC.TRANSFORMERSHAPE;        
INSERT INTO "PUBLIC"."TRANSFORMERSHAPE" VALUES
(1, TRUE, FALSE, 'EON-Titasz', 'C TR I', 'MAVIR', 40, 30, 20, 'DISTRIBUTIVE_NETWORKING'),
(2, TRUE, FALSE, 'Elmu', 'B TR II', 'MAVIR', 40, 40, 3, 'DISTRIBUTIVE_NETWORKING'),
(3, FALSE, FALSE, 'EON-Titasz', 'A TR III', 'MAVIR', 120, 40, 0, 'BLOCK'),
(4, TRUE, FALSE, 'Elmu', 'D TR IV', 'Elmu', 120, 40, 0, 'BLOCK'),
(5, TRUE, FALSE, 'Elmu', 'E TR V', 'Elmu', 120, 40, 0, 'BLOCK'),
(6, FALSE, FALSE, 'AES', 'INACTIVE MULTIPLE I', 'AES', 120, 40, 0, 'BLOCK'),
(7, FALSE, FALSE, 'AES', 'INACTIVE MULTIPLE II', 'AES', 120, 40, 0, 'BLOCK');  
CREATE MEMORY TABLE "PUBLIC"."VOLTAGE"(
    "ID" BIGINT NOT NULL,
    "ACTIVE" BOOLEAN NOT NULL,
    "ADMIN" BOOLEAN NOT NULL,
    "NAME" VARCHAR(128) NOT NULL,
    "UNIT" VARCHAR(64) NOT NULL,
    "VOLTAGE_ORDER" BIGINT NOT NULL,
    "VOLTAGE_VALUE" DECIMAL(19, 2) NOT NULL
); 
ALTER TABLE "PUBLIC"."VOLTAGE" ADD CONSTRAINT "PUBLIC"."CONSTRAINT_50" PRIMARY KEY("ID");     
-- 15 +/- SELECT COUNT(*) FROM PUBLIC.VOLTAGE;
INSERT INTO "PUBLIC"."VOLTAGE" VALUES
(1, TRUE, FALSE, '30 kV', 'kV', 30, 30),
(2, TRUE, FALSE, '1 kV', 'kV', 1, 1),
(3, TRUE, FALSE, '750 kV', 'kV', 750, 750),
(4, TRUE, FALSE, '400 kV', 'kV', 400, 400),
(5, TRUE, FALSE, '220 kV', 'kV', 220, 220),
(6, TRUE, FALSE, '120 kV', 'kV', 120, 120),
(7, TRUE, FALSE, '35 kV', 'kV', 35, 35),
(8, TRUE, FALSE, '20 kV', 'kV', 20, 20),
(9, TRUE, FALSE, '18 kV', 'kV', 18, 18),
(10, TRUE, FALSE, '15 kV', 'kV', 15, 15),
(11, TRUE, FALSE, '10 kV', 'kV', 10, 10),
(12, TRUE, FALSE, '6 kV', 'kV', 6, 6),
(13, TRUE, FALSE, '3 kV', 'kV', 3, 3),
(14, TRUE, FALSE, '0.4 kV', 'kV', 0, 0.4),
(15, TRUE, FALSE, '25kV', 'kV', 25, 25);          
ALTER TABLE "PUBLIC"."EQUIPMENT_TYPE" ADD CONSTRAINT "PUBLIC"."UKLY5PM93U4PS4L4936G1NESCHK" UNIQUE("NAME");   
ALTER TABLE "PUBLIC"."EQUIPMENT" ADD CONSTRAINT "PUBLIC"."UK_AGM98WN5LN6UOH6O9HX25OGIC" UNIQUE("SERIAL_NUMBER");              
ALTER TABLE "PUBLIC"."TASK" ADD CONSTRAINT "PUBLIC"."UKLERPTDO9D67PEJJPBFAU899TM" UNIQUE("NAME");             
ALTER TABLE "PUBLIC"."SUBSTATION" ADD CONSTRAINT "PUBLIC"."UKNGAIDS6DBVYG38RBCBMOCDDXD" UNIQUE("NAME");       
ALTER TABLE "PUBLIC"."FUNCTION_DESC" ADD CONSTRAINT "PUBLIC"."UKEYK2HTE2XHF631IEY3AEVREJ5" UNIQUE("NAME");    
ALTER TABLE "PUBLIC"."TASK" ADD CONSTRAINT "PUBLIC"."UKS5KSTG9S39M4RQRES9I1F504F" UNIQUE("ORDER_NUM");        
ALTER TABLE "PUBLIC"."LINESHAPE" ADD CONSTRAINT "PUBLIC"."UK_NCP6KMJSUL948H9CAM7SSW0GN" UNIQUE("NAME");       
ALTER TABLE "PUBLIC"."TRANSFORMERSHAPE" ADD CONSTRAINT "PUBLIC"."UK_H9MYTBD6OSNVBO1K3S5TS83L7" UNIQUE("NAME");
ALTER TABLE "PUBLIC"."REPORT_DESC" ADD CONSTRAINT "PUBLIC"."UK_SEN3LRUUNWGCSMJC0C4R38JBF" UNIQUE("TEMPLATE_ID");              
ALTER TABLE "PUBLIC"."FUNCTION_ATTRIBUTE" ADD CONSTRAINT "PUBLIC"."UK_K0RA16ER3HHD0T8AHKY6TPOCQ" UNIQUE("NAME");              
ALTER TABLE "PUBLIC"."SEASONAL_REPORT_TITLE" ADD CONSTRAINT "PUBLIC"."UKDPQ3CP022NMHS1TXY8R9RO0FY" UNIQUE("ORGANIZATION");    
ALTER TABLE "PUBLIC"."TEMPLATE_DESC" ADD CONSTRAINT "PUBLIC"."UK_9JAMFGWG6GW2J8W1O9E1UPIU" UNIQUE("NAME");    
ALTER TABLE "PUBLIC"."VOLTAGE" ADD CONSTRAINT "PUBLIC"."UK92Q9F2NRS5BJ6HBH0CI47KV23" UNIQUE("NAME");          
ALTER TABLE "PUBLIC"."ITEM_TYPE" ADD CONSTRAINT "PUBLIC"."UK1PVQR9HC1T8CGBBHC5434LFFF" UNIQUE("NAME");        
ALTER TABLE "PUBLIC"."EQUIPMENT_FUNCTION" ADD CONSTRAINT "PUBLIC"."UKJQN4OI1R1VLBYHVWFBNP93JRK" UNIQUE("ITEM_ID", "FUNCTION_ID", "TASK_ID", "EQUIPMENT_ID");  
ALTER TABLE "PUBLIC"."EQUIPMENT_ATTRIBUTE" ADD CONSTRAINT "PUBLIC"."UK_KHNNJX8CDHHYLPM4IFN9DDWLI" UNIQUE("NAME");             
ALTER TABLE "PUBLIC"."REPORT_DESC" ADD CONSTRAINT "PUBLIC"."UKDD5JWV31BCEL4HAHQLPFJDWHK" UNIQUE("QUERY_START_DATE", "QUERY_END_DATE", "TEMPLATE_ID");         
ALTER TABLE "PUBLIC"."ITEM_TYPE" ADD CONSTRAINT "PUBLIC"."UK1IKXTAI6KQ17AR80QMSWRCBYW" UNIQUE("ORDER_NUM");   
ALTER TABLE "PUBLIC"."EVENT_CLOSURE_ITEMS" ADD CONSTRAINT "PUBLIC"."FKLFQ5TTO6NRNWO6OYNOEBEDB7D" FOREIGN KEY("ITEM_ID") REFERENCES "PUBLIC"."ITEM"("ID") NOCHECK;             
ALTER TABLE "PUBLIC"."FUNC_ATT_ELEMENTS" ADD CONSTRAINT "PUBLIC"."FK5CROQMR1XDVHSC2JXOTB5ATES" FOREIGN KEY("ATTRIBUTE_ID") REFERENCES "PUBLIC"."FUNCTION_ATTRIBUTE"("ID") NOCHECK;            
ALTER TABLE "PUBLIC"."EVENT_CLOSURE_ITEM" ADD CONSTRAINT "PUBLIC"."FKJQCGY1208B5RJ3I3I1LTRWL24" FOREIGN KEY("EVENT_CLOSURE_ID") REFERENCES "PUBLIC"."EVENT_CLOSURE"("ID") NOCHECK;            
ALTER TABLE "PUBLIC"."EVENT_FUNCTION_QUAL_HISTORY" ADD CONSTRAINT "PUBLIC"."FKDUF7U320YRDRRCTLXRPL47O23" FOREIGN KEY("EQUIPMENT_ID") REFERENCES "PUBLIC"."EQUIPMENT"("ID") NOCHECK;           
ALTER TABLE "PUBLIC"."MAIN_PAGE_DESC" ADD CONSTRAINT "PUBLIC"."FK7B8VWD9SXAAD538WRC2PGV9CY" FOREIGN KEY("TEMP_MAIN_ID") REFERENCES "PUBLIC"."TEMPLATE_DESC"("ID") NOCHECK;    
ALTER TABLE "PUBLIC"."HIST_FUNC_ATT_CONN" ADD CONSTRAINT "PUBLIC"."FKSOTESRP5K3PACBX3WQ5QJ12NN" FOREIGN KEY("LISTELEMENT_ID") REFERENCES "PUBLIC"."FUNC_ATT_ELEMENTS"("ID") NOCHECK;          
ALTER TABLE "PUBLIC"."TRANSFORMER_ITEMS" ADD CONSTRAINT "PUBLIC"."FKJ8P520VGA98XW6SXBFLXBKOLJ" FOREIGN KEY("TRANSFORMER_ID") REFERENCES "PUBLIC"."TRANSFORMERSHAPE"("ID") NOCHECK;            
ALTER TABLE "PUBLIC"."EVENT_CLOSURE_ITEMS" ADD CONSTRAINT "PUBLIC"."FK9KMKQ5B9JEYY875DOKKGSQ0L" FOREIGN KEY("EVENT_CLOSURE_ID") REFERENCES "PUBLIC"."EVENT_CLOSURE"("ID") NOCHECK;            
ALTER TABLE "PUBLIC"."SUBSTATION_VOLTAGE" ADD CONSTRAINT "PUBLIC"."FK6AQEX9TAKJK0TWTWIUV1CFF6O" FOREIGN KEY("VOLTAGE_ID") REFERENCES "PUBLIC"."VOLTAGE"("ID") NOCHECK;        
ALTER TABLE "PUBLIC"."HIST_EQUIP_ATT_CONN" ADD CONSTRAINT "PUBLIC"."FKDKWUUIEIU23T6W03E95B5RCE4" FOREIGN KEY("LISTELEMENT_ID") REFERENCES "PUBLIC"."EQUIP_ATT_ELEMENTS"("ID") NOCHECK;        
ALTER TABLE "PUBLIC"."EVENT_CLOSURE" ADD CONSTRAINT "PUBLIC"."FKE1AX2TE9M2EO5T3VJ4FN4B1L1" FOREIGN KEY("EVENT_ID") REFERENCES "PUBLIC"."EVENT"("ID") NOCHECK; 
ALTER TABLE "PUBLIC"."EVENT_CLOSURE_ITEMS_HISTORY" ADD CONSTRAINT "PUBLIC"."FKGFNBJJLNNCLLVS7765RKHQAH0" FOREIGN KEY("EVENT_CLOSURE_HISTORY_ID") REFERENCES "PUBLIC"."EVENT_CLOSURE_HISTORY"("ID") NOCHECK;   
ALTER TABLE "PUBLIC"."EQUIP_ATTRIB_CONN" ADD CONSTRAINT "PUBLIC"."FKRJ10L9AHV0R0WGU1G2TCS6OEQ" FOREIGN KEY("EQUIPMENT_ID") REFERENCES "PUBLIC"."EQUIPMENT"("ID") NOCHECK;     
ALTER TABLE "PUBLIC"."FUNC_ATTRIB_CONN" ADD CONSTRAINT "PUBLIC"."FKPGGSTC6HYSK1BKKBE8SJUY1J1" FOREIGN KEY("ATTRIBUTE_ID") REFERENCES "PUBLIC"."FUNCTION_ATTRIBUTE"("ID") NOCHECK;             
ALTER TABLE "PUBLIC"."MAIN_PAGE_DESC" ADD CONSTRAINT "PUBLIC"."FK97WK6604VRLYHVXIGQDXQEQIG" FOREIGN KEY("FILE_ID") REFERENCES "PUBLIC"."FILES"("ID") NOCHECK; 
ALTER TABLE "PUBLIC"."STATUS_HISTORY_TS" ADD CONSTRAINT "PUBLIC"."FKI4I0HXFW2GVLSYX54TOEXQRBO" FOREIGN KEY("TS_ID") REFERENCES "PUBLIC"."TRANSFORMERSHAPE"("ID") NOCHECK;     
ALTER TABLE "PUBLIC"."EQUIPMENT" ADD CONSTRAINT "PUBLIC"."FK6S4HH6AWM076X15J99M1IYI78" FOREIGN KEY("EQUIPMENTTYPE_ID") REFERENCES "PUBLIC"."EQUIPMENT_TYPE"("ID") NOCHECK;    
ALTER TABLE "PUBLIC"."CHAPTER_DESC" ADD CONSTRAINT "PUBLIC"."FKDCGSKNOJJGOPLBRNPIWMGV42" FOREIGN KEY("TEMP_CHAP_ID") REFERENCES "PUBLIC"."TEMPLATE_DESC"("ID") NOCHECK;       
ALTER TABLE "PUBLIC"."HIST_EQUIP" ADD CONSTRAINT "PUBLIC"."FKJFYRSJ35O2E3JW4GGL4YUI6IX" FOREIGN KEY("EQUIPMENTTYPE_ID") REFERENCES "PUBLIC"."EQUIPMENT_TYPE"("ID") NOCHECK;   
ALTER TABLE "PUBLIC"."EVENT" ADD CONSTRAINT "PUBLIC"."FK55AI12XKAM0GYTQ579OHUQ6VN" FOREIGN KEY("ITEM_ID") REFERENCES "PUBLIC"."ITEM"("ID") NOCHECK;           
ALTER TABLE "PUBLIC"."ITEM" ADD CONSTRAINT "PUBLIC"."FKOXUR3Q1MUJR1H7RML3GUVOXT9" FOREIGN KEY("VOLTAGE_ID") REFERENCES "PUBLIC"."VOLTAGE"("ID") NOCHECK;      
ALTER TABLE "PUBLIC"."HIST_EQUIP_ATT_CONN" ADD CONSTRAINT "PUBLIC"."FKQC5EBLAP9FEM1O7O7JLRKYS6O" FOREIGN KEY("ATTRIBUTE_ID") REFERENCES "PUBLIC"."EQUIPMENT_ATTRIBUTE"("ID") NOCHECK;         
ALTER TABLE "PUBLIC"."EVENT_FUNCTION_QUAL" ADD CONSTRAINT "PUBLIC"."FKOHTW4HJ3W9CXMY31OMNIXCMNL" FOREIGN KEY("TASK_ID") REFERENCES "PUBLIC"."TASK"("ID") NOCHECK;             
ALTER TABLE "PUBLIC"."EQUIP_ATTRIB_CONN" ADD CONSTRAINT "PUBLIC"."FK8ANYGK6WO42UCQV0AI0X54IRI" FOREIGN KEY("LISTELEMENT_ID") REFERENCES "PUBLIC"."EQUIP_ATT_ELEMENTS"("ID") NOCHECK;          
ALTER TABLE "PUBLIC"."EVENT_FUNCTION_QUAL_HISTORY" ADD CONSTRAINT "PUBLIC"."FKJPFRHYP65TL5OVJP28CDTJRS4" FOREIGN KEY("EVENT_CLOSURE_ITEM_HISTORY_ID") REFERENCES "PUBLIC"."EVENT_CLOSURE_ITEM_HISTORY"("ID") NOCHECK;         
ALTER TABLE "PUBLIC"."PARAMETERS" ADD CONSTRAINT "PUBLIC"."FK1QSYQRD12TSXTBB883GW5L4WN" FOREIGN KEY("PARAM_GROUP") REFERENCES "PUBLIC"."PARAMETER_GROUPS"("PARAM_GROUP") NOCHECK;             
ALTER TABLE "PUBLIC"."EVENT_FUNCTION_QUAL" ADD CONSTRAINT "PUBLIC"."FK7W63FXPJ65YVCWFH8SWR2WFFL" FOREIGN KEY("EQUIPMENT_ID") REFERENCES "PUBLIC"."EQUIPMENT"("ID") NOCHECK;   
ALTER TABLE "PUBLIC"."SUBSTATION_VOLTAGE" ADD CONSTRAINT "PUBLIC"."FKCYEE4VWW27A18YXB0FJ4B49BB" FOREIGN KEY("SUBSTATION_ID") REFERENCES "PUBLIC"."SUBSTATION"("ID") NOCHECK;  
ALTER TABLE "PUBLIC"."FUNC_ATTRIB_CONN" ADD CONSTRAINT "PUBLIC"."FKI0IMJA15ILNQUU7DGB0LSDHQM" FOREIGN KEY("LISTELEMENT_ID") REFERENCES "PUBLIC"."FUNC_ATT_ELEMENTS"("ID") NOCHECK;            
ALTER TABLE "PUBLIC"."STATUS_HISTORY" ADD CONSTRAINT "PUBLIC"."FK49BTPWQKIFPV0PB6J917MVBB" FOREIGN KEY("LINESHAPE_ID") REFERENCES "PUBLIC"."LINESHAPE"("ID") NOCHECK;         
ALTER TABLE "PUBLIC"."HIST_EQUIP_ATT_CONN" ADD CONSTRAINT "PUBLIC"."FKK6DMIPA0M73AT4OYKP2WQ9DHY" FOREIGN KEY("EQUIPMENT_ID") REFERENCES "PUBLIC"."HIST_EQUIP"("ID") NOCHECK;  
ALTER TABLE "PUBLIC"."EQUIP_ATTRIB_CONN" ADD CONSTRAINT "PUBLIC"."FKUMW0JT0TG0I7KOGSLX410NXY" FOREIGN KEY("ATTRIBUTE_ID") REFERENCES "PUBLIC"."EQUIPMENT_ATTRIBUTE"("ID") NOCHECK;            
ALTER TABLE "PUBLIC"."CHAPTER_DESC" ADD CONSTRAINT "PUBLIC"."FKXXEP1IEH5LIC1173L5V9AO6S" FOREIGN KEY("STATISTIC_ID") REFERENCES "PUBLIC"."STATISTIC_DESC"("ID") NOCHECK;      
ALTER TABLE "PUBLIC"."EVENT_CLOSURE_HISTORY" ADD CONSTRAINT "PUBLIC"."FKGUDADPS8VV63DKYO5W6WHUUP5" FOREIGN KEY("EVENT_HISTORY_ID") REFERENCES "PUBLIC"."EVENT_HISTORY"("ID") NOCHECK;         
ALTER TABLE "PUBLIC"."ITEM" ADD CONSTRAINT "PUBLIC"."FKES2I7VK223K41RS1KE34MSTQ2" FOREIGN KEY("SUBSTATION_ID") REFERENCES "PUBLIC"."SUBSTATION"("ID") NOCHECK;
ALTER TABLE "PUBLIC"."EVENT_FUNCTION_QUAL" ADD CONSTRAINT "PUBLIC"."FKOWADBJU9V36J3BK6CK4JXKMNS" FOREIGN KEY("FUNCTION_ID") REFERENCES "PUBLIC"."FUNCTION_DESC"("ID") NOCHECK;
ALTER TABLE "PUBLIC"."HIST_EQUIP_FUNC" ADD CONSTRAINT "PUBLIC"."FKQBTBN17XW9I9JT9QI0OOGO58F" FOREIGN KEY("FUNCTION_ID") REFERENCES "PUBLIC"."FUNCTION_DESC"("ID") NOCHECK;    
ALTER TABLE "PUBLIC"."EVENT_FUNCTION_QUAL" ADD CONSTRAINT "PUBLIC"."FKS20NQ4YB36V41L1GYB7KPKBQB" FOREIGN KEY("EVENT_CLOSURE_ITEM_ID") REFERENCES "PUBLIC"."EVENT_CLOSURE_ITEM"("ID") NOCHECK; 
ALTER TABLE "PUBLIC"."EQUIPMENT_FUNCTION" ADD CONSTRAINT "PUBLIC"."FKIFXU5KG44MESCYULI4OU06C9N" FOREIGN KEY("ITEM_ID") REFERENCES "PUBLIC"."ITEM"("ID") NOCHECK;              
ALTER TABLE "PUBLIC"."REPORT_DESC" ADD CONSTRAINT "PUBLIC"."FKMF7K131Y6S68E6H2RYHYMAWUD" FOREIGN KEY("TEMPLATE_ID") REFERENCES "PUBLIC"."TEMPLATE_DESC"("ID") NOCHECK;        
ALTER TABLE "PUBLIC"."HIST_EQUIP_FUNC" ADD CONSTRAINT "PUBLIC"."FK4R5BUOQDP3XRBLPGGN0G6WEIY" FOREIGN KEY("TASK_ID") REFERENCES "PUBLIC"."TASK"("ID") NOCHECK; 
ALTER TABLE "PUBLIC"."EVENT_CLOSURE_ITEM" ADD CONSTRAINT "PUBLIC"."FKJGE7SA8020DYXWD1FSC2IXYJY" FOREIGN KEY("ITEM_ID") REFERENCES "PUBLIC"."ITEM"("ID") NOCHECK;              
ALTER TABLE "PUBLIC"."STATUS_HISTORY_ITEM" ADD CONSTRAINT "PUBLIC"."FK5VRFGNKCW1OQRRD00V5E3FBR3" FOREIGN KEY("ITEM_ID") REFERENCES "PUBLIC"."ITEM"("ID") NOCHECK;             
ALTER TABLE "PUBLIC"."EQUIP_ATT_ELEMENTS" ADD CONSTRAINT "PUBLIC"."FK9WDDT1HHYT90ICELWWDVO6WMT" FOREIGN KEY("ATTRIBUTE_ID") REFERENCES "PUBLIC"."EQUIPMENT_ATTRIBUTE"("ID") NOCHECK;          
ALTER TABLE "PUBLIC"."EQUIPMENT_FUNCTION" ADD CONSTRAINT "PUBLIC"."FKGC4GYTSG0UOR1QWQ2Y156H7NT" FOREIGN KEY("TASK_ID") REFERENCES "PUBLIC"."TASK"("ID") NOCHECK;              
ALTER TABLE "PUBLIC"."TRANSFORMER_ITEMS" ADD CONSTRAINT "PUBLIC"."FKFTVUBNKJF8FKTXXAGXFEDXJRS" FOREIGN KEY("ITEM_ID") REFERENCES "PUBLIC"."ITEM"("ID") NOCHECK;               
ALTER TABLE "PUBLIC"."HIST_FUNC_ATT_CONN" ADD CONSTRAINT "PUBLIC"."FK47SSFPEB6KS3UIXPA3ADH06CD" FOREIGN KEY("ATTRIBUTE_ID") REFERENCES "PUBLIC"."FUNCTION_ATTRIBUTE"("ID") NOCHECK;           
ALTER TABLE "PUBLIC"."CHAPTER_DESC" ADD CONSTRAINT "PUBLIC"."FK76JNXBCH9H3K19APHQ3CTOD9B" FOREIGN KEY("PARENT_ID") REFERENCES "PUBLIC"."CHAPTER_DESC"("ID") NOCHECK;          
ALTER TABLE "PUBLIC"."EVENT_CLOSURE_ITEM_HISTORY" ADD CONSTRAINT "PUBLIC"."FKIXW77L64C26748HO9JCE9VTS" FOREIGN KEY("ITEM_ID") REFERENCES "PUBLIC"."ITEM"("ID") NOCHECK;       
ALTER TABLE "PUBLIC"."EQUIPMENT_FUNCTION" ADD CONSTRAINT "PUBLIC"."FKG6N1XSFQXPYTC8NYDMTR4LRJ5" FOREIGN KEY("FUNCTION_ID") REFERENCES "PUBLIC"."FUNCTION_DESC"("ID") NOCHECK; 
ALTER TABLE "PUBLIC"."HIST_FUNC_ATT_CONN" ADD CONSTRAINT "PUBLIC"."FK6691S8GE5SI99JHA0YUF2B84A" FOREIGN KEY("FUNCTION_ID") REFERENCES "PUBLIC"."HIST_EQUIP_FUNC"("ID") NOCHECK;               
ALTER TABLE "PUBLIC"."FUNC_ATTRIB_CONN" ADD CONSTRAINT "PUBLIC"."FKQBQFGX59I19OT5XFA7CK6V8MH" FOREIGN KEY("FUNCTION_ID") REFERENCES "PUBLIC"."EQUIPMENT_FUNCTION"("ID") NOCHECK;              
ALTER TABLE "PUBLIC"."EVENT_CLOSURE_ITEM_HISTORY" ADD CONSTRAINT "PUBLIC"."FKM061NGPW4QT39ECOH9P8JW2RM" FOREIGN KEY("EVENT_CLOSURE_HISTORY_ID") REFERENCES "PUBLIC"."EVENT_CLOSURE_HISTORY"("ID") NOCHECK;    
ALTER TABLE "PUBLIC"."EVENT_HISTORY" ADD CONSTRAINT "PUBLIC"."FK2L2HQ9VNMP20PCOLM7KNAJUB9" FOREIGN KEY("ITEM_ID") REFERENCES "PUBLIC"."ITEM"("ID") NOCHECK;   
ALTER TABLE "PUBLIC"."EVENT_CLOSURE_ITEMS_HISTORY" ADD CONSTRAINT "PUBLIC"."FKI00SUDAPBJ7AHC8F1CP6DLWYX" FOREIGN KEY("ITEM_ID") REFERENCES "PUBLIC"."ITEM"("ID") NOCHECK;     
ALTER TABLE "PUBLIC"."REPORT_DESC" ADD CONSTRAINT "PUBLIC"."FKLFWT953LQQDGK1CU69ERF3SUC" FOREIGN KEY("FILEENTITY_ID") REFERENCES "PUBLIC"."FILES"("ID") NOCHECK;              
ALTER TABLE "PUBLIC"."LINE_ITEMS" ADD CONSTRAINT "PUBLIC"."FK2HLCBMD23VKF0DRQV94FA1KI0" FOREIGN KEY("LINE_ID") REFERENCES "PUBLIC"."LINESHAPE"("ID") NOCHECK; 
ALTER TABLE "PUBLIC"."LINE_ITEMS" ADD CONSTRAINT "PUBLIC"."FKG4EJVYX2VY7VPA3LQ9D7HNL7O" FOREIGN KEY("ITEM_ID") REFERENCES "PUBLIC"."ITEM"("ID") NOCHECK;      
ALTER TABLE "PUBLIC"."EVENT_FUNCTION_QUAL_HISTORY" ADD CONSTRAINT "PUBLIC"."FKRX6K2CSN8UKW9PJ1Y53KSQIHA" FOREIGN KEY("TASK_ID") REFERENCES "PUBLIC"."TASK"("ID") NOCHECK;     
ALTER TABLE "PUBLIC"."EVENT_FUNCTION_QUAL_HISTORY" ADD CONSTRAINT "PUBLIC"."FKFXVAJD6Q9WWX8EA62DXB9J4US" FOREIGN KEY("FUNCTION_ID") REFERENCES "PUBLIC"."FUNCTION_DESC"("ID") NOCHECK;        
ALTER TABLE "PUBLIC"."EVENT_HISTORY" ADD CONSTRAINT "PUBLIC"."FKLEF0QI8D85UCR0ED19R8JK8OO" FOREIGN KEY("EVENT_ID") REFERENCES "PUBLIC"."EVENT"("ID") NOCHECK; 
ALTER TABLE "PUBLIC"."HIST_EQUIP_FUNC" ADD CONSTRAINT "PUBLIC"."FKRJLEGNLOQCVED127FYSRYQ2OG" FOREIGN KEY("ITEM_ID") REFERENCES "PUBLIC"."ITEM"("ID") NOCHECK; 
ALTER TABLE "PUBLIC"."HIST_EQUIP_FUNC" ADD CONSTRAINT "PUBLIC"."FKE8V4VRO34W3X2JCF7NF219F3M" FOREIGN KEY("EQUIPMENT_ID") REFERENCES "PUBLIC"."HIST_EQUIP"("ID") NOCHECK;      
ALTER TABLE "PUBLIC"."ITEM" ADD CONSTRAINT "PUBLIC"."FKAM39VFFY5R13TQQE8SQISUJW0" FOREIGN KEY("ITEMTYPE_ID") REFERENCES "PUBLIC"."ITEM_TYPE"("ID") NOCHECK;   
ALTER TABLE "PUBLIC"."EQUIPMENT_FUNCTION" ADD CONSTRAINT "PUBLIC"."FKNLEXDJYE359Q5415YBLA4XJXB" FOREIGN KEY("EQUIPMENT_ID") REFERENCES "PUBLIC"."EQUIPMENT"("ID") NOCHECK;    
